{
  "step1 time [s]": 2.7494819164276123,
  "MESSAGE_TYPE.STEP1 size [B]": 217,
  "step3 time [s]": 0.0007450580596923828,
  "MESSAGE_TYPE.STEP3 size [B]": 2327,
  "overall time": 4.912613153457642
}