{
  "step1 time [s]": 0.46593308448791504,
  "MESSAGE_TYPE.STEP1 size [B]": 221,
  "step3 time [s]": 0.00035500526428222656,
  "MESSAGE_TYPE.STEP3 size [B]": 2348,
  "overall time": 0.8247349262237549
}