{
  "step1 time [s]": 0.48169612884521484,
  "MESSAGE_TYPE.STEP1 size [B]": 220,
  "step3 time [s]": 0.0001881122589111328,
  "MESSAGE_TYPE.STEP3 size [B]": 2330,
  "overall time": 0.8502578735351562
}