{
  "step1 time [s]": 3.744936943054199,
  "MESSAGE_TYPE.STEP1 size [B]": 219,
  "step3 time [s]": 0.0009138584136962891,
  "MESSAGE_TYPE.STEP3 size [B]": 2337,
  "overall time": 6.0269081592559814
}