{
  "step1 time [s]": 0.5130081176757812,
  "MESSAGE_TYPE.STEP1 size [B]": 220,
  "step3 time [s]": 0.00021314620971679688,
  "MESSAGE_TYPE.STEP3 size [B]": 2348,
  "overall time": 0.9254257678985596
}