{
  "step1 time [s]": 2.401608943939209,
  "MESSAGE_TYPE.STEP1 size [B]": 218,
  "step3 time [s]": 0.0011730194091796875,
  "MESSAGE_TYPE.STEP3 size [B]": 2353,
  "overall time": 4.313084840774536
}