{
  "step1 time [s]": 0.49355006217956543,
  "MESSAGE_TYPE.STEP1 size [B]": 219,
  "step3 time [s]": 0.00019097328186035156,
  "MESSAGE_TYPE.STEP3 size [B]": 2341,
  "overall time": 0.8436660766601562
}