{
  "step1 time [s]": 2.5900089740753174,
  "MESSAGE_TYPE.STEP1 size [B]": 219,
  "step3 time [s]": 0.0007512569427490234,
  "MESSAGE_TYPE.STEP3 size [B]": 2358,
  "overall time": 4.636976718902588
}