{
  "step1 time [s]": 2.899411916732788,
  "MESSAGE_TYPE.STEP1 size [B]": 218,
  "step3 time [s]": 0.0008990764617919922,
  "MESSAGE_TYPE.STEP3 size [B]": 2345,
  "overall time": 5.177634000778198
}