{
  "step1 time [s]": 2.6142399311065674,
  "MESSAGE_TYPE.STEP1 size [B]": 218,
  "step3 time [s]": 0.0007767677307128906,
  "MESSAGE_TYPE.STEP3 size [B]": 2320,
  "overall time": 4.7065558433532715
}