{
  "step1 time [s]": 2.5301568508148193,
  "MESSAGE_TYPE.STEP1 size [B]": 219,
  "step3 time [s]": 0.0007658004760742188,
  "MESSAGE_TYPE.STEP3 size [B]": 2352,
  "overall time": 4.5245521068573
}