{
  "step1 time [s]": 2.5948739051818848,
  "MESSAGE_TYPE.STEP1 size [B]": 220,
  "step3 time [s]": 0.0007300376892089844,
  "MESSAGE_TYPE.STEP3 size [B]": 2357,
  "overall time": 4.7745041847229
}