{
  "step1 time [s]": 2.761047124862671,
  "MESSAGE_TYPE.STEP1 size [B]": 220,
  "step3 time [s]": 0.000881195068359375,
  "MESSAGE_TYPE.STEP3 size [B]": 2348,
  "overall time": 4.986499071121216
}