{
  "step1 time [s]": 2.732356071472168,
  "MESSAGE_TYPE.STEP1 size [B]": 218,
  "step3 time [s]": 0.0008609294891357422,
  "MESSAGE_TYPE.STEP3 size [B]": 2324,
  "overall time": 4.790860176086426
}