{
  "step1 time [s]": 2.878260374069214,
  "MESSAGE_TYPE.STEP1 size [B]": 218,
  "step3 time [s]": 0.0007989406585693359,
  "MESSAGE_TYPE.STEP3 size [B]": 2314,
  "overall time": 5.12750506401062
}