{
  "step1 time [s]": 0.49140405654907227,
  "MESSAGE_TYPE.STEP1 size [B]": 217,
  "step3 time [s]": 0.00031185150146484375,
  "MESSAGE_TYPE.STEP3 size [B]": 2310,
  "overall time": 0.8979380130767822
}