{
  "step1 time [s]": 0.4888131618499756,
  "MESSAGE_TYPE.STEP1 size [B]": 218,
  "step3 time [s]": 0.00022792816162109375,
  "MESSAGE_TYPE.STEP3 size [B]": 2323,
  "overall time": 0.860821008682251
}