{
  "step1 time [s]": 2.5722339153289795,
  "MESSAGE_TYPE.STEP1 size [B]": 220,
  "step3 time [s]": 0.0007748603820800781,
  "MESSAGE_TYPE.STEP3 size [B]": 2327,
  "overall time": 4.680529356002808
}