{
  "step1 time [s]": 2.586580991744995,
  "MESSAGE_TYPE.STEP1 size [B]": 219,
  "step3 time [s]": 0.0007350444793701172,
  "MESSAGE_TYPE.STEP3 size [B]": 2352,
  "overall time": 4.574085712432861
}