{
  "step1 time [s]": 2.8844659328460693,
  "MESSAGE_TYPE.STEP1 size [B]": 220,
  "step3 time [s]": 0.0007739067077636719,
  "MESSAGE_TYPE.STEP3 size [B]": 2341,
  "overall time": 5.152245044708252
}