{
  "step1 time [s]": 0.5184898376464844,
  "MESSAGE_TYPE.STEP1 size [B]": 218,
  "step3 time [s]": 0.00018095970153808594,
  "MESSAGE_TYPE.STEP3 size [B]": 2362,
  "overall time": 0.8926489353179932
}