{
  "step1 time [s]": 0.5286552906036377,
  "MESSAGE_TYPE.STEP1 size [B]": 218,
  "step3 time [s]": 0.00019478797912597656,
  "MESSAGE_TYPE.STEP3 size [B]": 2346,
  "overall time": 0.8939170837402344
}