{
  "step1 time [s]": 2.7950708866119385,
  "MESSAGE_TYPE.STEP1 size [B]": 217,
  "step3 time [s]": 0.000865936279296875,
  "MESSAGE_TYPE.STEP3 size [B]": 2336,
  "overall time": 2.844987154006958
}