{
  "step1 time [s]": 2.622258186340332,
  "MESSAGE_TYPE.STEP1 size [B]": 221,
  "step3 time [s]": 0.0007638931274414062,
  "MESSAGE_TYPE.STEP3 size [B]": 2360,
  "overall time": 4.743757963180542
}