{
  "step1 time [s]": 0.47811293601989746,
  "MESSAGE_TYPE.STEP1 size [B]": 220,
  "step3 time [s]": 0.0001819133758544922,
  "MESSAGE_TYPE.STEP3 size [B]": 2349,
  "overall time": 0.853748083114624
}