{
  "step1 time [s]": 2.449467182159424,
  "MESSAGE_TYPE.STEP1 size [B]": 221,
  "step3 time [s]": 0.0008418560028076172,
  "MESSAGE_TYPE.STEP3 size [B]": 2348,
  "overall time": 4.4174158573150635
}