{
  "step1 time [s]": 2.5653820037841797,
  "MESSAGE_TYPE.STEP1 size [B]": 217,
  "step3 time [s]": 0.0008051395416259766,
  "MESSAGE_TYPE.STEP3 size [B]": 2319,
  "overall time": 4.676283121109009
}