{
  "step1 time [s]": 0.47418999671936035,
  "MESSAGE_TYPE.STEP1 size [B]": 220,
  "step3 time [s]": 0.00022101402282714844,
  "MESSAGE_TYPE.STEP3 size [B]": 2339,
  "overall time": 0.8508992195129395
}