{
  "step1 time [s]": 0.11412978172302246,
  "MESSAGE_TYPE.STEP1 size [B]": 219,
  "step3 time [s]": 6.198883056640625e-05,
  "MESSAGE_TYPE.STEP3 size [B]": 561,
  "overall time": 0.2078840732574463
}