{
  "step1 time [s]": 0.2550649642944336,
  "MESSAGE_TYPE.STEP1 size [B]": 218,
  "step3 time [s]": 0.00010514259338378906,
  "MESSAGE_TYPE.STEP3 size [B]": 1227,
  "overall time": 0.47135305404663086
}