{
  "step1 time [s]": 0.45021796226501465,
  "MESSAGE_TYPE.STEP1 size [B]": 221,
  "step3 time [s]": 0.0001850128173828125,
  "MESSAGE_TYPE.STEP3 size [B]": 2357,
  "overall time": 0.8056061267852783
}