{
  "step1 time [s]": 2.7481889724731445,
  "MESSAGE_TYPE.STEP1 size [B]": 220,
  "step3 time [s]": 0.0008008480072021484,
  "MESSAGE_TYPE.STEP3 size [B]": 2351,
  "overall time": 4.851511716842651
}