{
  "step1 time [s]": 2.633043050765991,
  "MESSAGE_TYPE.STEP1 size [B]": 220,
  "step3 time [s]": 0.0008282661437988281,
  "MESSAGE_TYPE.STEP3 size [B]": 2331,
  "overall time": 4.681440830230713
}