{
  "step1 time [s]": 2.7680089473724365,
  "MESSAGE_TYPE.STEP1 size [B]": 220,
  "step3 time [s]": 0.000885009765625,
  "MESSAGE_TYPE.STEP3 size [B]": 2347,
  "overall time": 4.992201089859009
}