{
  "step1 time [s]": 2.690084218978882,
  "MESSAGE_TYPE.STEP1 size [B]": 217,
  "step3 time [s]": 0.0007340908050537109,
  "MESSAGE_TYPE.STEP3 size [B]": 2319,
  "overall time": 4.87736701965332
}