{
  "step1 time [s]": 0.4563608169555664,
  "MESSAGE_TYPE.STEP1 size [B]": 219,
  "step3 time [s]": 0.0001900196075439453,
  "MESSAGE_TYPE.STEP3 size [B]": 2359,
  "overall time": 0.8447442054748535
}