{
  "step1 time [s]": 2.7014999389648438,
  "MESSAGE_TYPE.STEP1 size [B]": 217,
  "step3 time [s]": 0.0008549690246582031,
  "MESSAGE_TYPE.STEP3 size [B]": 2336,
  "overall time": 4.819010019302368
}