{
  "step1 time [s]": 0.508864164352417,
  "MESSAGE_TYPE.STEP1 size [B]": 219,
  "step3 time [s]": 0.0001838207244873047,
  "MESSAGE_TYPE.STEP3 size [B]": 2351,
  "overall time": 0.8810222148895264
}