{
  "step1 time [s]": 0.48049211502075195,
  "MESSAGE_TYPE.STEP1 size [B]": 219,
  "step3 time [s]": 0.0001888275146484375,
  "MESSAGE_TYPE.STEP3 size [B]": 2329,
  "overall time": 0.893176794052124
}