{
  "step1 time [s]": 0.11805415153503418,
  "MESSAGE_TYPE.STEP1 size [B]": 218,
  "step3 time [s]": 7.915496826171875e-05,
  "MESSAGE_TYPE.STEP3 size [B]": 558,
  "overall time": 0.21892094612121582
}