{
  "step1 time [s]": 0.12574195861816406,
  "MESSAGE_TYPE.STEP1 size [B]": 219,
  "step3 time [s]": 0.00017118453979492188,
  "MESSAGE_TYPE.STEP3 size [B]": 556,
  "overall time": 0.24118518829345703
}