{
  "step1 time [s]": 2.661085844039917,
  "MESSAGE_TYPE.STEP1 size [B]": 217,
  "step3 time [s]": 0.0007619857788085938,
  "MESSAGE_TYPE.STEP3 size [B]": 2333,
  "overall time": 4.793333053588867
}