{
  "step1 time [s]": 0.12368321418762207,
  "MESSAGE_TYPE.STEP1 size [B]": 218,
  "step3 time [s]": 6.580352783203125e-05,
  "MESSAGE_TYPE.STEP3 size [B]": 554,
  "overall time": 0.2058238983154297
}