{
  "step1 time [s]": 0.6467089653015137,
  "MESSAGE_TYPE.STEP1 size [B]": 217,
  "step3 time [s]": 0.000225067138671875,
  "MESSAGE_TYPE.STEP3 size [B]": 2308,
  "overall time": 1.2307870388031006
}