{
  "step1 time [s]": 0.48533129692077637,
  "MESSAGE_TYPE.STEP1 size [B]": 221,
  "step3 time [s]": 0.0002880096435546875,
  "MESSAGE_TYPE.STEP3 size [B]": 2348,
  "overall time": 0.8434879779815674
}