{
  "step1 time [s]": 2.955347776412964,
  "MESSAGE_TYPE.STEP1 size [B]": 219,
  "step3 time [s]": 0.0007936954498291016,
  "MESSAGE_TYPE.STEP3 size [B]": 2336,
  "overall time": 5.298086166381836
}