{
  "step1 time [s]": 0.11746668815612793,
  "MESSAGE_TYPE.STEP1 size [B]": 219,
  "step3 time [s]": 6.914138793945312e-05,
  "MESSAGE_TYPE.STEP3 size [B]": 552,
  "overall time": 0.1987900733947754
}