{
  "step1 time [s]": 0.4921698570251465,
  "MESSAGE_TYPE.STEP1 size [B]": 220,
  "step3 time [s]": 0.00018715858459472656,
  "MESSAGE_TYPE.STEP3 size [B]": 2357,
  "overall time": 0.8639380931854248
}