{
  "step1 time [s]": 2.615827798843384,
  "MESSAGE_TYPE.STEP1 size [B]": 219,
  "step3 time [s]": 0.0007679462432861328,
  "MESSAGE_TYPE.STEP3 size [B]": 2343,
  "overall time": 4.669497728347778
}