{
  "step1 time [s]": 0.47273898124694824,
  "MESSAGE_TYPE.STEP1 size [B]": 220,
  "step3 time [s]": 0.00018906593322753906,
  "MESSAGE_TYPE.STEP3 size [B]": 2359,
  "overall time": 0.8254480361938477
}