{
  "step1 time [s]": 2.8239176273345947,
  "MESSAGE_TYPE.STEP1 size [B]": 218,
  "step3 time [s]": 0.0007860660552978516,
  "MESSAGE_TYPE.STEP3 size [B]": 2336,
  "overall time": 5.0279459953308105
}