{
  "step1 time [s]": 0.49001383781433105,
  "MESSAGE_TYPE.STEP1 size [B]": 221,
  "step3 time [s]": 0.0002319812774658203,
  "MESSAGE_TYPE.STEP3 size [B]": 2358,
  "overall time": 0.9015908241271973
}