{
  "step1 time [s]": 2.720003128051758,
  "MESSAGE_TYPE.STEP1 size [B]": 218,
  "step3 time [s]": 0.0007700920104980469,
  "MESSAGE_TYPE.STEP3 size [B]": 2340,
  "overall time": 4.8960771560668945
}