{
  "step1 time [s]": 2.7006959915161133,
  "MESSAGE_TYPE.STEP1 size [B]": 217,
  "step3 time [s]": 0.000713348388671875,
  "MESSAGE_TYPE.STEP3 size [B]": 2313,
  "overall time": 4.856264114379883
}