{
  "step1 time [s]": 2.634337902069092,
  "MESSAGE_TYPE.STEP1 size [B]": 220,
  "step3 time [s]": 0.0008039474487304688,
  "MESSAGE_TYPE.STEP3 size [B]": 2353,
  "overall time": 4.7497498989105225
}