{
  "step1 time [s]": 0.46567201614379883,
  "MESSAGE_TYPE.STEP1 size [B]": 221,
  "step3 time [s]": 0.00018095970153808594,
  "MESSAGE_TYPE.STEP3 size [B]": 2367,
  "overall time": 0.8123359680175781
}