{
  "step1 time [s]": 2.8021907806396484,
  "MESSAGE_TYPE.STEP1 size [B]": 218,
  "step3 time [s]": 0.0007917881011962891,
  "MESSAGE_TYPE.STEP3 size [B]": 2337,
  "overall time": 5.035629034042358
}