{
  "step1 time [s]": 0.4799637794494629,
  "MESSAGE_TYPE.STEP1 size [B]": 219,
  "step3 time [s]": 0.00018405914306640625,
  "MESSAGE_TYPE.STEP3 size [B]": 2355,
  "overall time": 0.8411056995391846
}