{
  "step1 time [s]": 2.8307769298553467,
  "MESSAGE_TYPE.STEP1 size [B]": 218,
  "step3 time [s]": 0.0008580684661865234,
  "MESSAGE_TYPE.STEP3 size [B]": 2325,
  "overall time": 5.040004014968872
}