{
  "step1 time [s]": 0.5116090774536133,
  "MESSAGE_TYPE.STEP1 size [B]": 218,
  "step3 time [s]": 0.00017786026000976562,
  "MESSAGE_TYPE.STEP3 size [B]": 2335,
  "overall time": 0.8775980472564697
}