{
  "step1 time [s]": 0.2501540184020996,
  "MESSAGE_TYPE.STEP1 size [B]": 217,
  "step3 time [s]": 0.00011324882507324219,
  "MESSAGE_TYPE.STEP3 size [B]": 1224,
  "overall time": 0.43105006217956543
}