{
  "step1 time [s]": 2.6556589603424072,
  "MESSAGE_TYPE.STEP1 size [B]": 218,
  "step3 time [s]": 0.0007417201995849609,
  "MESSAGE_TYPE.STEP3 size [B]": 2323,
  "overall time": 4.755537748336792
}