{
  "step1 time [s]": 0.45952320098876953,
  "MESSAGE_TYPE.STEP1 size [B]": 220,
  "step3 time [s]": 0.0001800060272216797,
  "MESSAGE_TYPE.STEP3 size [B]": 2338,
  "overall time": 0.8220789432525635
}