{
  "step1 time [s]": 0.24443697929382324,
  "MESSAGE_TYPE.STEP1 size [B]": 219,
  "step3 time [s]": 0.00010609626770019531,
  "MESSAGE_TYPE.STEP3 size [B]": 1218,
  "overall time": 0.43207311630249023
}