{
  "step1 time [s]": 0.45751285552978516,
  "MESSAGE_TYPE.STEP1 size [B]": 220,
  "step3 time [s]": 0.0001780986785888672,
  "MESSAGE_TYPE.STEP3 size [B]": 2333,
  "overall time": 0.8352940082550049
}