{
  "step1 time [s]": 2.7706971168518066,
  "MESSAGE_TYPE.STEP1 size [B]": 219,
  "step3 time [s]": 0.0007698535919189453,
  "MESSAGE_TYPE.STEP3 size [B]": 2345,
  "overall time": 4.990651845932007
}