{
  "step1 time [s]": 2.881181001663208,
  "MESSAGE_TYPE.STEP1 size [B]": 218,
  "step3 time [s]": 0.0007641315460205078,
  "MESSAGE_TYPE.STEP3 size [B]": 2346,
  "overall time": 2.971200942993164
}