{
  "step1 time [s]": 2.988161087036133,
  "MESSAGE_TYPE.STEP1 size [B]": 217,
  "step3 time [s]": 0.0008580684661865234,
  "MESSAGE_TYPE.STEP3 size [B]": 2326,
  "overall time": 5.316528797149658
}