{
  "step1 time [s]": 0.233720064163208,
  "MESSAGE_TYPE.STEP1 size [B]": 218,
  "step3 time [s]": 0.00011706352233886719,
  "MESSAGE_TYPE.STEP3 size [B]": 1213,
  "overall time": 0.4130558967590332
}