{
  "step1 time [s]": 2.5759060382843018,
  "MESSAGE_TYPE.STEP1 size [B]": 219,
  "step3 time [s]": 0.0008461475372314453,
  "MESSAGE_TYPE.STEP3 size [B]": 2356,
  "overall time": 4.658418893814087
}