{
  "step1 time [s]": 0.45477795600891113,
  "MESSAGE_TYPE.STEP1 size [B]": 221,
  "step3 time [s]": 0.00022602081298828125,
  "MESSAGE_TYPE.STEP3 size [B]": 2346,
  "overall time": 0.8005521297454834
}