{
  "step1 time [s]": 2.3871660232543945,
  "MESSAGE_TYPE.STEP1 size [B]": 218,
  "step3 time [s]": 0.0007631778717041016,
  "MESSAGE_TYPE.STEP3 size [B]": 2323,
  "overall time": 4.256170988082886
}