{
  "step1 time [s]": 0.4940659999847412,
  "MESSAGE_TYPE.STEP1 size [B]": 217,
  "step3 time [s]": 0.00017976760864257812,
  "MESSAGE_TYPE.STEP3 size [B]": 2357,
  "overall time": 0.8524878025054932
}