{
  "step1 time [s]": 0.49330806732177734,
  "MESSAGE_TYPE.STEP1 size [B]": 218,
  "step3 time [s]": 0.0007510185241699219,
  "MESSAGE_TYPE.STEP3 size [B]": 2322,
  "overall time": 0.8737530708312988
}