{
  "step1 time [s]": 0.5112848281860352,
  "MESSAGE_TYPE.STEP1 size [B]": 217,
  "step3 time [s]": 0.00018310546875,
  "MESSAGE_TYPE.STEP3 size [B]": 2308,
  "overall time": 0.8816609382629395
}