{
  "step1 time [s]": 2.8724660873413086,
  "MESSAGE_TYPE.STEP1 size [B]": 217,
  "step3 time [s]": 0.0008831024169921875,
  "MESSAGE_TYPE.STEP3 size [B]": 2309,
  "overall time": 5.149293661117554
}