{
  "step1 time [s]": 2.4936609268188477,
  "MESSAGE_TYPE.STEP1 size [B]": 218,
  "step3 time [s]": 0.0007491111755371094,
  "MESSAGE_TYPE.STEP3 size [B]": 2349,
  "overall time": 4.485517740249634
}