{
  "step1 time [s]": 0.48026180267333984,
  "MESSAGE_TYPE.STEP1 size [B]": 218,
  "step3 time [s]": 0.0001838207244873047,
  "MESSAGE_TYPE.STEP3 size [B]": 2327,
  "overall time": 0.8784971237182617
}