{
  "step1 time [s]": 0.5017280578613281,
  "MESSAGE_TYPE.STEP1 size [B]": 220,
  "step3 time [s]": 0.00019502639770507812,
  "MESSAGE_TYPE.STEP3 size [B]": 2346,
  "overall time": 0.8783369064331055
}