{
  "step1 time [s]": 0.563983678817749,
  "MESSAGE_TYPE.STEP1 size [B]": 217,
  "step3 time [s]": 0.00021505355834960938,
  "MESSAGE_TYPE.STEP3 size [B]": 2322,
  "overall time": 0.5868029594421387
}