{
  "step1 time [s]": 0.4814770221710205,
  "MESSAGE_TYPE.STEP1 size [B]": 218,
  "step3 time [s]": 0.0001838207244873047,
  "MESSAGE_TYPE.STEP3 size [B]": 2342,
  "overall time": 0.8289191722869873
}