{
  "step1 time [s]": 2.7251999378204346,
  "MESSAGE_TYPE.STEP1 size [B]": 217,
  "step3 time [s]": 0.0007281303405761719,
  "MESSAGE_TYPE.STEP3 size [B]": 2309,
  "overall time": 4.844137907028198
}