{
  "step1 time [s]": 2.8889710903167725,
  "MESSAGE_TYPE.STEP1 size [B]": 218,
  "step3 time [s]": 0.0008749961853027344,
  "MESSAGE_TYPE.STEP3 size [B]": 2337,
  "overall time": 5.143298149108887
}