{
  "step1 time [s]": 2.6904072761535645,
  "MESSAGE_TYPE.STEP1 size [B]": 217,
  "step3 time [s]": 0.0007450580596923828,
  "MESSAGE_TYPE.STEP3 size [B]": 2326,
  "overall time": 4.806163787841797
}