{
  "step1 time [s]": 2.487783193588257,
  "MESSAGE_TYPE.STEP1 size [B]": 221,
  "step3 time [s]": 0.0008008480072021484,
  "MESSAGE_TYPE.STEP3 size [B]": 2352,
  "overall time": 4.497800827026367
}