{
  "step1 time [s]": 0.440288782119751,
  "MESSAGE_TYPE.STEP1 size [B]": 217,
  "step3 time [s]": 0.00018477439880371094,
  "MESSAGE_TYPE.STEP3 size [B]": 2332,
  "overall time": 0.7873210906982422
}