{
  "step1 time [s]": 2.606072187423706,
  "MESSAGE_TYPE.STEP1 size [B]": 217,
  "step3 time [s]": 0.0007472038269042969,
  "MESSAGE_TYPE.STEP3 size [B]": 2313,
  "overall time": 4.652211904525757
}