{
  "step1 time [s]": 0.49242496490478516,
  "MESSAGE_TYPE.STEP1 size [B]": 219,
  "step3 time [s]": 0.00019407272338867188,
  "MESSAGE_TYPE.STEP3 size [B]": 2319,
  "overall time": 0.8744680881500244
}