{
  "step1 time [s]": 2.473180055618286,
  "MESSAGE_TYPE.STEP1 size [B]": 218,
  "step3 time [s]": 0.0008080005645751953,
  "MESSAGE_TYPE.STEP3 size [B]": 2358,
  "overall time": 4.392674922943115
}