{
  "step1 time [s]": 0.12598705291748047,
  "MESSAGE_TYPE.STEP1 size [B]": 220,
  "step3 time [s]": 5.3882598876953125e-05,
  "MESSAGE_TYPE.STEP3 size [B]": 557,
  "overall time": 0.22084498405456543
}