{
  "step1 time [s]": 0.48778700828552246,
  "MESSAGE_TYPE.STEP1 size [B]": 219,
  "step3 time [s]": 0.00019407272338867188,
  "MESSAGE_TYPE.STEP3 size [B]": 2362,
  "overall time": 0.9112067222595215
}