{
  "step1 time [s]": 2.6949949264526367,
  "MESSAGE_TYPE.STEP1 size [B]": 217,
  "step3 time [s]": 0.0007569789886474609,
  "MESSAGE_TYPE.STEP3 size [B]": 2327,
  "overall time": 2.765550136566162
}