{
  "step1 time [s]": 0.5164399147033691,
  "MESSAGE_TYPE.STEP1 size [B]": 217,
  "step3 time [s]": 0.00018310546875,
  "MESSAGE_TYPE.STEP3 size [B]": 2309,
  "overall time": 0.9033887386322021
}