{
  "step1 time [s]": 0.45946764945983887,
  "MESSAGE_TYPE.STEP1 size [B]": 218,
  "step3 time [s]": 0.00018906593322753906,
  "MESSAGE_TYPE.STEP3 size [B]": 2348,
  "overall time": 0.8408949375152588
}