{
  "step1 time [s]": 0.5091028213500977,
  "MESSAGE_TYPE.STEP1 size [B]": 218,
  "step3 time [s]": 0.00021195411682128906,
  "MESSAGE_TYPE.STEP3 size [B]": 2349,
  "overall time": 0.8903229236602783
}