{
  "step1 time [s]": 2.60093092918396,
  "MESSAGE_TYPE.STEP1 size [B]": 217,
  "step3 time [s]": 0.0007388591766357422,
  "MESSAGE_TYPE.STEP3 size [B]": 2315,
  "overall time": 4.625921964645386
}