{
  "step1 time [s]": 2.4816348552703857,
  "MESSAGE_TYPE.STEP1 size [B]": 219,
  "step3 time [s]": 0.0012860298156738281,
  "MESSAGE_TYPE.STEP3 size [B]": 2363,
  "overall time": 4.512499809265137
}