{
  "step1 time [s]": 0.25471997261047363,
  "MESSAGE_TYPE.STEP1 size [B]": 218,
  "step3 time [s]": 0.0001251697540283203,
  "MESSAGE_TYPE.STEP3 size [B]": 1223,
  "overall time": 0.43817806243896484
}