{
  "step1 time [s]": 0.5089740753173828,
  "MESSAGE_TYPE.STEP1 size [B]": 218,
  "step3 time [s]": 0.00022721290588378906,
  "MESSAGE_TYPE.STEP3 size [B]": 2339,
  "overall time": 0.8880300521850586
}