{
  "step1 time [s]": 0.4827890396118164,
  "MESSAGE_TYPE.STEP1 size [B]": 220,
  "step3 time [s]": 0.0002720355987548828,
  "MESSAGE_TYPE.STEP3 size [B]": 2350,
  "overall time": 0.8798952102661133
}