{
  "step1 time [s]": 0.5941519737243652,
  "MESSAGE_TYPE.STEP1 size [B]": 218,
  "step3 time [s]": 0.0002422332763671875,
  "MESSAGE_TYPE.STEP3 size [B]": 2343,
  "overall time": 1.1230368614196777
}