{
  "step1 time [s]": 2.628041982650757,
  "MESSAGE_TYPE.STEP1 size [B]": 219,
  "step3 time [s]": 0.0007791519165039062,
  "MESSAGE_TYPE.STEP3 size [B]": 2336,
  "overall time": 4.5644285678863525
}