{
  "step1 time [s]": 2.7329719066619873,
  "MESSAGE_TYPE.STEP1 size [B]": 219,
  "step3 time [s]": 0.0009019374847412109,
  "MESSAGE_TYPE.STEP3 size [B]": 2345,
  "overall time": 4.894551038742065
}