{
  "step1 time [s]": 0.47339797019958496,
  "MESSAGE_TYPE.STEP1 size [B]": 221,
  "step3 time [s]": 0.0001838207244873047,
  "MESSAGE_TYPE.STEP3 size [B]": 2347,
  "overall time": 0.830963134765625
}