{
  "setup time [s]": 0.05907297134399414,
  "MESSAGE_TYPE.START size [B]": 52,
  "step2 time [s]": 0.0026009082794189453,
  "MESSAGE_TYPE.STEP2 size [B]": 41337,
  "step4 time [s]": 0.35854625701904297,
  "MESSAGE_TYPE.STEP4 size [B]": 75654,
  "overall time": 0.9110729694366455
}