{
  "setup time [s]": 0.025061845779418945,
  "MESSAGE_TYPE.START size [B]": 52,
  "step2 time [s]": 0.0028929710388183594,
  "MESSAGE_TYPE.STEP2 size [B]": 41321,
  "step4 time [s]": 0.37906312942504883,
  "MESSAGE_TYPE.STEP4 size [B]": 75728,
  "overall time": 0.9397130012512207
}