{
  "setup time [s]": 0.007205009460449219,
  "MESSAGE_TYPE.START size [B]": 52,
  "step2 time [s]": 0.0010008811950683594,
  "MESSAGE_TYPE.STEP2 size [B]": 8521,
  "step4 time [s]": 0.07134509086608887,
  "MESSAGE_TYPE.STEP4 size [B]": 15607,
  "overall time": 0.19901490211486816
}