{
  "setup time [s]": 0.014027118682861328,
  "MESSAGE_TYPE.START size [B]": 52,
  "step2 time [s]": 0.0016651153564453125,
  "MESSAGE_TYPE.STEP2 size [B]": 20787,
  "step4 time [s]": 0.18071818351745605,
  "MESSAGE_TYPE.STEP4 size [B]": 38094,
  "overall time": 0.45702219009399414
}