{
  "setup time [s]": 0.012722969055175781,
  "MESSAGE_TYPE.START size [B]": 52,
  "step2 time [s]": 0.0009918212890625,
  "MESSAGE_TYPE.STEP2 size [B]": 8530,
  "step4 time [s]": 0.07265210151672363,
  "MESSAGE_TYPE.STEP4 size [B]": 15640,
  "overall time": 0.21095585823059082
}