{
  "setup time [s]": 0.017830848693847656,
  "MESSAGE_TYPE.START size [B]": 52,
  "step2 time [s]": 0.003988027572631836,
  "MESSAGE_TYPE.STEP2 size [B]": 40913,
  "step4 time [s]": 0.31498122215270996,
  "MESSAGE_TYPE.STEP4 size [B]": 74865,
  "overall time": 0.7924809455871582
}