{
  "setup time [s]": 0.05178117752075195,
  "MESSAGE_TYPE.START size [B]": 52,
  "step2 time [s]": 0.004135847091674805,
  "MESSAGE_TYPE.STEP2 size [B]": 230050,
  "step4 time [s]": 2.256984233856201,
  "MESSAGE_TYPE.STEP4 size [B]": 453144,
  "overall time": 5.298343181610107
}