{
  "setup time [s]": 0.013916015625,
  "MESSAGE_TYPE.START size [B]": 52,
  "step2 time [s]": 0.0016908645629882812,
  "MESSAGE_TYPE.STEP2 size [B]": 20679,
  "step4 time [s]": 0.16984295845031738,
  "MESSAGE_TYPE.STEP4 size [B]": 37916,
  "overall time": 0.4320240020751953
}