{
  "setup time [s]": 0.011674880981445312,
  "MESSAGE_TYPE.START size [B]": 52,
  "step2 time [s]": 0.0032339096069335938,
  "MESSAGE_TYPE.STEP2 size [B]": 40884,
  "step4 time [s]": 0.36084794998168945,
  "MESSAGE_TYPE.STEP4 size [B]": 74927,
  "overall time": 0.8879740238189697
}