{
  "setup time [s]": 0.04190421104431152,
  "MESSAGE_TYPE.START size [B]": 52,
  "step2 time [s]": 0.0023479461669921875,
  "MESSAGE_TYPE.STEP2 size [B]": 20680,
  "step4 time [s]": 0.2295830249786377,
  "MESSAGE_TYPE.STEP4 size [B]": 37877,
  "overall time": 0.5875329971313477
}