{
  "setup time [s]": 0.005815029144287109,
  "MESSAGE_TYPE.START size [B]": 52,
  "step2 time [s]": 0.0026140213012695312,
  "MESSAGE_TYPE.STEP2 size [B]": 41315,
  "step4 time [s]": 0.3467600345611572,
  "MESSAGE_TYPE.STEP4 size [B]": 75668,
  "overall time": 0.8523199558258057
}