{
  "setup time [s]": 0.06191682815551758,
  "MESSAGE_TYPE.START size [B]": 52,
  "step2 time [s]": 0.0026488304138183594,
  "MESSAGE_TYPE.STEP2 size [B]": 41022,
  "step4 time [s]": 0.3719351291656494,
  "MESSAGE_TYPE.STEP4 size [B]": 75169,
  "overall time": 0.9653048515319824
}