{
  "setup time [s]": 0.016602277755737305,
  "MESSAGE_TYPE.START size [B]": 52,
  "step2 time [s]": 0.0015060901641845703,
  "MESSAGE_TYPE.STEP2 size [B]": 20908,
  "step4 time [s]": 0.15773415565490723,
  "MESSAGE_TYPE.STEP4 size [B]": 38316,
  "overall time": 0.4144413471221924
}