{
  "setup time [s]": 0.010509014129638672,
  "MESSAGE_TYPE.START size [B]": 52,
  "step2 time [s]": 0.004037141799926758,
  "MESSAGE_TYPE.STEP2 size [B]": 231127,
  "step4 time [s]": 1.9409809112548828,
  "MESSAGE_TYPE.STEP4 size [B]": 455298,
  "overall time": 4.574091911315918
}