{
  "setup time [s]": 0.00872802734375,
  "MESSAGE_TYPE.START size [B]": 52,
  "step2 time [s]": 0.003979921340942383,
  "MESSAGE_TYPE.STEP2 size [B]": 231770,
  "step4 time [s]": 2.0517351627349854,
  "MESSAGE_TYPE.STEP4 size [B]": 456656,
  "overall time": 4.714282751083374
}