{
  "setup time [s]": 0.024541854858398438,
  "MESSAGE_TYPE.START size [B]": 52,
  "step2 time [s]": 0.0029838085174560547,
  "MESSAGE_TYPE.STEP2 size [B]": 40500,
  "step4 time [s]": 0.3403620719909668,
  "MESSAGE_TYPE.STEP4 size [B]": 74274,
  "overall time": 0.8495721817016602
}