{
  "setup time [s]": 0.007932901382446289,
  "MESSAGE_TYPE.START size [B]": 52,
  "step2 time [s]": 0.0029692649841308594,
  "MESSAGE_TYPE.STEP2 size [B]": 41007,
  "step4 time [s]": 0.37343502044677734,
  "MESSAGE_TYPE.STEP4 size [B]": 75137,
  "overall time": 0.91597580909729
}