{
  "setup time [s]": 0.05366396903991699,
  "MESSAGE_TYPE.START size [B]": 52,
  "step2 time [s]": 0.0044097900390625,
  "MESSAGE_TYPE.STEP2 size [B]": 228251,
  "step4 time [s]": 2.0227019786834717,
  "MESSAGE_TYPE.STEP4 size [B]": 449767,
  "overall time": 4.676847696304321
}