{
  "setup time [s]": 0.029933691024780273,
  "MESSAGE_TYPE.START size [B]": 52,
  "step2 time [s]": 0.002598285675048828,
  "MESSAGE_TYPE.STEP2 size [B]": 41364,
  "step4 time [s]": 0.3198208808898926,
  "MESSAGE_TYPE.STEP4 size [B]": 75726,
  "overall time": 0.8055160045623779
}