{
  "setup time [s]": 0.050375938415527344,
  "MESSAGE_TYPE.START size [B]": 52,
  "step2 time [s]": 0.0027120113372802734,
  "MESSAGE_TYPE.STEP2 size [B]": 40710,
  "step4 time [s]": 0.3367118835449219,
  "MESSAGE_TYPE.STEP4 size [B]": 74615,
  "overall time": 0.878856897354126
}