{
  "setup time [s]": 0.014142751693725586,
  "MESSAGE_TYPE.START size [B]": 52,
  "step2 time [s]": 0.0030019283294677734,
  "MESSAGE_TYPE.STEP2 size [B]": 20597,
  "step4 time [s]": 0.0011730194091796875,
  "MESSAGE_TYPE.STEP4 size [B]": 37766,
  "overall time": 0.28310489654541016
}