{
  "setup time [s]": 0.035748958587646484,
  "MESSAGE_TYPE.START size [B]": 52,
  "step2 time [s]": 0.0027549266815185547,
  "MESSAGE_TYPE.STEP2 size [B]": 40765,
  "step4 time [s]": 0.3568439483642578,
  "MESSAGE_TYPE.STEP4 size [B]": 74733,
  "overall time": 0.8786129951477051
}