{
  "setup time [s]": 0.00551295280456543,
  "MESSAGE_TYPE.START size [B]": 52,
  "step2 time [s]": 0.0010800361633300781,
  "MESSAGE_TYPE.STEP2 size [B]": 8557,
  "step4 time [s]": 0.07386016845703125,
  "MESSAGE_TYPE.STEP4 size [B]": 15691,
  "overall time": 0.20583391189575195
}