{
  "setup time [s]": 0.008042097091674805,
  "MESSAGE_TYPE.START size [B]": 52,
  "step2 time [s]": 0.0008251667022705078,
  "MESSAGE_TYPE.STEP2 size [B]": 8627,
  "step4 time [s]": 0.06970596313476562,
  "MESSAGE_TYPE.STEP4 size [B]": 15784,
  "overall time": 0.20816731452941895
}