{
  "setup time [s]": 0.018440961837768555,
  "MESSAGE_TYPE.START size [B]": 52,
  "step2 time [s]": 0.004143953323364258,
  "MESSAGE_TYPE.STEP2 size [B]": 228854,
  "step4 time [s]": 1.9617950916290283,
  "MESSAGE_TYPE.STEP4 size [B]": 450927,
  "overall time": 4.577287912368774
}