{
  "setup time [s]": 0.03635811805725098,
  "MESSAGE_TYPE.START size [B]": 52,
  "step2 time [s]": 0.0008862018585205078,
  "MESSAGE_TYPE.STEP2 size [B]": 8600,
  "step4 time [s]": 0.07647204399108887,
  "MESSAGE_TYPE.STEP4 size [B]": 15783,
  "overall time": 0.24111390113830566
}