{
  "setup time [s]": 0.051200151443481445,
  "MESSAGE_TYPE.START size [B]": 52,
  "step2 time [s]": 0.004113912582397461,
  "MESSAGE_TYPE.STEP2 size [B]": 229604,
  "step4 time [s]": 2.089393138885498,
  "MESSAGE_TYPE.STEP4 size [B]": 452255,
  "overall time": 4.863782167434692
}