{
  "setup time [s]": 0.05119895935058594,
  "MESSAGE_TYPE.START size [B]": 52,
  "step2 time [s]": 0.0027539730072021484,
  "MESSAGE_TYPE.STEP2 size [B]": 41304,
  "step4 time [s]": 0.35429906845092773,
  "MESSAGE_TYPE.STEP4 size [B]": 75621,
  "overall time": 0.9015538692474365
}