{
  "setup time [s]": 0.026481151580810547,
  "MESSAGE_TYPE.START size [B]": 52,
  "step2 time [s]": 0.0034210681915283203,
  "MESSAGE_TYPE.STEP2 size [B]": 41022,
  "step4 time [s]": 0.3626689910888672,
  "MESSAGE_TYPE.STEP4 size [B]": 75185,
  "overall time": 0.889807939529419
}