{
  "setup time [s]": 0.010593891143798828,
  "MESSAGE_TYPE.START size [B]": 52,
  "step2 time [s]": 0.00510096549987793,
  "MESSAGE_TYPE.STEP2 size [B]": 228871,
  "step4 time [s]": 2.2350692749023438,
  "MESSAGE_TYPE.STEP4 size [B]": 450971,
  "overall time": 5.2218029499053955
}