{
  "setup time [s]": 0.005994081497192383,
  "MESSAGE_TYPE.START size [B]": 52,
  "step2 time [s]": 0.0025048255920410156,
  "MESSAGE_TYPE.STEP2 size [B]": 41273,
  "step4 time [s]": 0.34910011291503906,
  "MESSAGE_TYPE.STEP4 size [B]": 75621,
  "overall time": 0.8382318019866943
}