{
  "setup time [s]": 0.013963937759399414,
  "MESSAGE_TYPE.START size [B]": 52,
  "step2 time [s]": 0.004492998123168945,
  "MESSAGE_TYPE.STEP2 size [B]": 229516,
  "step4 time [s]": 2.0402021408081055,
  "MESSAGE_TYPE.STEP4 size [B]": 452341,
  "overall time": 4.790172815322876
}