{
  "setup time [s]": 0.005070209503173828,
  "MESSAGE_TYPE.START size [B]": 52,
  "step2 time [s]": 0.0043888092041015625,
  "MESSAGE_TYPE.STEP2 size [B]": 228022,
  "step4 time [s]": 2.053272008895874,
  "MESSAGE_TYPE.STEP4 size [B]": 449247,
  "overall time": 4.706840991973877
}