{
  "setup time [s]": 0.013780832290649414,
  "MESSAGE_TYPE.START size [B]": 52,
  "step2 time [s]": 0.0029840469360351562,
  "MESSAGE_TYPE.STEP2 size [B]": 20886,
  "step4 time [s]": 0.0009908676147460938,
  "MESSAGE_TYPE.STEP4 size [B]": 38239,
  "overall time": 0.26022911071777344
}