{
  "step1 time [s]": 0.1945657730102539,
  "MESSAGE_TYPE.STEP1 size [B]": 217,
  "step3 time [s]": 0.08291912078857422,
  "MESSAGE_TYPE.STEP3 size [B]": 660,
  "overall time": 0.43157482147216797
}