{
  "step1 time [s]": 2.6996588706970215,
  "MESSAGE_TYPE.STEP1 size [B]": 221,
  "step3 time [s]": 0.0007171630859375,
  "MESSAGE_TYPE.STEP3 size [B]": 2333,
  "overall time": 4.92969012260437
}