{
  "step1 time [s]": 0.24025869369506836,
  "MESSAGE_TYPE.STEP1 size [B]": 221,
  "step3 time [s]": 0.00011897087097167969,
  "MESSAGE_TYPE.STEP3 size [B]": 1235,
  "overall time": 0.26044321060180664
}