{
  "step1 time [s]": 0.13012290000915527,
  "MESSAGE_TYPE.STEP1 size [B]": 218,
  "step3 time [s]": 6.508827209472656e-05,
  "MESSAGE_TYPE.STEP3 size [B]": 669,
  "overall time": 0.22636890411376953
}