{
  "step1 time [s]": 0.12333321571350098,
  "MESSAGE_TYPE.STEP1 size [B]": 216,
  "step3 time [s]": 6.771087646484375e-05,
  "MESSAGE_TYPE.STEP3 size [B]": 661,
  "overall time": 0.21719789505004883
}