{
  "step1 time [s]": 3.318770408630371,
  "MESSAGE_TYPE.STEP1 size [B]": 217,
  "step3 time [s]": 0.0006687641143798828,
  "MESSAGE_TYPE.STEP3 size [B]": 2332,
  "overall time": 5.890054225921631
}