{
  "step1 time [s]": 2.9087910652160645,
  "MESSAGE_TYPE.STEP1 size [B]": 219,
  "step3 time [s]": 0.0007610321044921875,
  "MESSAGE_TYPE.STEP3 size [B]": 2325,
  "overall time": 4.961651086807251
}