{
  "step1 time [s]": 0.09816908836364746,
  "MESSAGE_TYPE.STEP1 size [B]": 220,
  "step3 time [s]": 5.2928924560546875e-05,
  "MESSAGE_TYPE.STEP3 size [B]": 667,
  "overall time": 0.20460295677185059
}