{
  "step1 time [s]": 2.3300318717956543,
  "MESSAGE_TYPE.STEP1 size [B]": 219,
  "step3 time [s]": 0.0005879402160644531,
  "MESSAGE_TYPE.STEP3 size [B]": 2877,
  "overall time": 4.26505184173584
}