{
  "step1 time [s]": 0.16765689849853516,
  "MESSAGE_TYPE.STEP1 size [B]": 220,
  "step3 time [s]": 0.1054692268371582,
  "MESSAGE_TYPE.STEP3 size [B]": 667,
  "overall time": 0.4168887138366699
}