{
  "step1 time [s]": 0.8513810634613037,
  "MESSAGE_TYPE.STEP1 size [B]": 219,
  "step3 time [s]": 0.00024509429931640625,
  "MESSAGE_TYPE.STEP3 size [B]": 2336,
  "overall time": 1.4892311096191406
}