{
  "step1 time [s]": 0.5686028003692627,
  "MESSAGE_TYPE.STEP1 size [B]": 217,
  "step3 time [s]": 0.00019788742065429688,
  "MESSAGE_TYPE.STEP3 size [B]": 2328,
  "overall time": 1.002269983291626
}