{
  "step1 time [s]": 2.6247968673706055,
  "MESSAGE_TYPE.STEP1 size [B]": 217,
  "step3 time [s]": 0.00067901611328125,
  "MESSAGE_TYPE.STEP3 size [B]": 2313,
  "overall time": 4.76016902923584
}