{
  "step1 time [s]": 4.023903846740723,
  "MESSAGE_TYPE.STEP1 size [B]": 219,
  "step3 time [s]": 0.0020339488983154297,
  "MESSAGE_TYPE.STEP3 size [B]": 27953,
  "overall time": 7.026478052139282
}