{
  "step1 time [s]": 0.858278751373291,
  "MESSAGE_TYPE.STEP1 size [B]": 218,
  "step3 time [s]": 0.0003101825714111328,
  "MESSAGE_TYPE.STEP3 size [B]": 2343,
  "overall time": 1.5235531330108643
}