{
  "step1 time [s]": 0.19482803344726562,
  "MESSAGE_TYPE.STEP1 size [B]": 219,
  "step3 time [s]": 0.11094403266906738,
  "MESSAGE_TYPE.STEP3 size [B]": 666,
  "overall time": 0.46433520317077637
}