{
  "step1 time [s]": 0.6593971252441406,
  "MESSAGE_TYPE.STEP1 size [B]": 218,
  "step3 time [s]": 0.00020694732666015625,
  "MESSAGE_TYPE.STEP3 size [B]": 1230,
  "overall time": 1.1978750228881836
}