{
  "step1 time [s]": 2.9981179237365723,
  "MESSAGE_TYPE.STEP1 size [B]": 217,
  "step3 time [s]": 0.0011279582977294922,
  "MESSAGE_TYPE.STEP3 size [B]": 2329,
  "overall time": 5.420782804489136
}