{
  "step1 time [s]": 0.24860811233520508,
  "MESSAGE_TYPE.STEP1 size [B]": 218,
  "step3 time [s]": 0.00011396408081054688,
  "MESSAGE_TYPE.STEP3 size [B]": 1216,
  "overall time": 0.43129396438598633
}