{
  "step1 time [s]": 3.7807841300964355,
  "MESSAGE_TYPE.STEP1 size [B]": 219,
  "step3 time [s]": 0.000993967056274414,
  "MESSAGE_TYPE.STEP3 size [B]": 2356,
  "overall time": 6.327760934829712
}