{
  "step1 time [s]": 0.24539589881896973,
  "MESSAGE_TYPE.STEP1 size [B]": 220,
  "step3 time [s]": 0.00011801719665527344,
  "MESSAGE_TYPE.STEP3 size [B]": 1227,
  "overall time": 0.4293708801269531
}