{
  "step1 time [s]": 3.0054728984832764,
  "MESSAGE_TYPE.STEP1 size [B]": 217,
  "step3 time [s]": 0.0008428096771240234,
  "MESSAGE_TYPE.STEP3 size [B]": 2330,
  "overall time": 5.597105979919434
}