{
  "step1 time [s]": 0.6457889080047607,
  "MESSAGE_TYPE.STEP1 size [B]": 217,
  "step3 time [s]": 0.00018906593322753906,
  "MESSAGE_TYPE.STEP3 size [B]": 1224,
  "overall time": 1.1472158432006836
}