{
  "step1 time [s]": 0.5045700073242188,
  "MESSAGE_TYPE.STEP1 size [B]": 218,
  "step3 time [s]": 0.000209808349609375,
  "MESSAGE_TYPE.STEP3 size [B]": 1231,
  "overall time": 0.9201300144195557
}