{
  "step1 time [s]": 2.5961573123931885,
  "MESSAGE_TYPE.STEP1 size [B]": 219,
  "step3 time [s]": 0.0007407665252685547,
  "MESSAGE_TYPE.STEP3 size [B]": 2339,
  "overall time": 4.7274088859558105
}