{
  "step1 time [s]": 0.538668155670166,
  "MESSAGE_TYPE.STEP1 size [B]": 219,
  "step3 time [s]": 0.00019669532775878906,
  "MESSAGE_TYPE.STEP3 size [B]": 2342,
  "overall time": 0.9344367980957031
}