{
  "step1 time [s]": 0.4783029556274414,
  "MESSAGE_TYPE.STEP1 size [B]": 217,
  "step3 time [s]": 0.00018095970153808594,
  "MESSAGE_TYPE.STEP3 size [B]": 2313,
  "overall time": 0.8496119976043701
}