{
  "step1 time [s]": 0.5908949375152588,
  "MESSAGE_TYPE.STEP1 size [B]": 218,
  "step3 time [s]": 0.00018715858459472656,
  "MESSAGE_TYPE.STEP3 size [B]": 2341,
  "overall time": 1.0265369415283203
}