{
  "step1 time [s]": 0.25521183013916016,
  "MESSAGE_TYPE.STEP1 size [B]": 217,
  "step3 time [s]": 0.00011372566223144531,
  "MESSAGE_TYPE.STEP3 size [B]": 1216,
  "overall time": 0.45282793045043945
}