{
  "step1 time [s]": 0.08869194984436035,
  "MESSAGE_TYPE.STEP1 size [B]": 220,
  "step3 time [s]": 0.00011777877807617188,
  "MESSAGE_TYPE.STEP3 size [B]": 673,
  "overall time": 0.1752939224243164
}