{
  "step1 time [s]": 0.10632824897766113,
  "MESSAGE_TYPE.STEP1 size [B]": 219,
  "step3 time [s]": 0.03224897384643555,
  "MESSAGE_TYPE.STEP3 size [B]": 662,
  "overall time": 0.24570488929748535
}