{
  "step1 time [s]": 0.1966867446899414,
  "MESSAGE_TYPE.STEP1 size [B]": 219,
  "step3 time [s]": 0.030606985092163086,
  "MESSAGE_TYPE.STEP3 size [B]": 669,
  "overall time": 0.390516996383667
}