{
  "step1 time [s]": 0.6214828491210938,
  "MESSAGE_TYPE.STEP1 size [B]": 219,
  "step3 time [s]": 0.00026226043701171875,
  "MESSAGE_TYPE.STEP3 size [B]": 4585,
  "overall time": 1.097433090209961
}