{
  "step1 time [s]": 2.940201997756958,
  "MESSAGE_TYPE.STEP1 size [B]": 218,
  "step3 time [s]": 0.0007531642913818359,
  "MESSAGE_TYPE.STEP3 size [B]": 2321,
  "overall time": 5.210824012756348
}