{
  "step1 time [s]": 0.19982314109802246,
  "MESSAGE_TYPE.STEP1 size [B]": 217,
  "step3 time [s]": 0.15058588981628418,
  "MESSAGE_TYPE.STEP3 size [B]": 659,
  "overall time": 0.5137557983398438
}