{
  "step1 time [s]": 0.21138906478881836,
  "MESSAGE_TYPE.STEP1 size [B]": 218,
  "step3 time [s]": 0.08286380767822266,
  "MESSAGE_TYPE.STEP3 size [B]": 660,
  "overall time": 0.4851551055908203
}