{
  "step1 time [s]": 38.98031997680664,
  "MESSAGE_TYPE.STEP1 size [B]": 217,
  "step3 time [s]": 0.008571147918701172,
  "MESSAGE_TYPE.STEP3 size [B]": 22201,
  "overall time": 70.55729389190674
}