{
  "step1 time [s]": 0.1793680191040039,
  "MESSAGE_TYPE.STEP1 size [B]": 219,
  "step3 time [s]": 0.027987957000732422,
  "MESSAGE_TYPE.STEP3 size [B]": 673,
  "overall time": 0.38938212394714355
}