{
  "step1 time [s]": 2.5627048015594482,
  "MESSAGE_TYPE.STEP1 size [B]": 217,
  "step3 time [s]": 0.0007469654083251953,
  "MESSAGE_TYPE.STEP3 size [B]": 2331,
  "overall time": 4.576822996139526
}