{
  "step1 time [s]": 24.45962905883789,
  "MESSAGE_TYPE.STEP1 size [B]": 219,
  "step3 time [s]": 0.0053408145904541016,
  "MESSAGE_TYPE.STEP3 size [B]": 5732,
  "overall time": 49.8754460811615
}