{
  "step1 time [s]": 0.5091638565063477,
  "MESSAGE_TYPE.STEP1 size [B]": 218,
  "step3 time [s]": 0.00018596649169921875,
  "MESSAGE_TYPE.STEP3 size [B]": 2323,
  "overall time": 0.8997828960418701
}