{
  "step1 time [s]": 0.1257622241973877,
  "MESSAGE_TYPE.STEP1 size [B]": 219,
  "step3 time [s]": 5.4836273193359375e-05,
  "MESSAGE_TYPE.STEP3 size [B]": 673,
  "overall time": 0.2062530517578125
}