{
  "step1 time [s]": 0.17342185974121094,
  "MESSAGE_TYPE.STEP1 size [B]": 218,
  "step3 time [s]": 0.03606986999511719,
  "MESSAGE_TYPE.STEP3 size [B]": 666,
  "overall time": 0.33730483055114746
}