{
  "step1 time [s]": 0.1780407428741455,
  "MESSAGE_TYPE.STEP1 size [B]": 217,
  "step3 time [s]": 0.04955887794494629,
  "MESSAGE_TYPE.STEP3 size [B]": 659,
  "overall time": 0.43196797370910645
}