{
  "step1 time [s]": 1.689974069595337,
  "MESSAGE_TYPE.STEP1 size [B]": 218,
  "step3 time [s]": 0.0004248619079589844,
  "MESSAGE_TYPE.STEP3 size [B]": 2343,
  "overall time": 2.752739906311035
}