{
  "step1 time [s]": 0.4951937198638916,
  "MESSAGE_TYPE.STEP1 size [B]": 217,
  "step3 time [s]": 0.00016498565673828125,
  "MESSAGE_TYPE.STEP3 size [B]": 1229,
  "overall time": 0.8952679634094238
}