{
  "step1 time [s]": 0.6804049015045166,
  "MESSAGE_TYPE.STEP1 size [B]": 217,
  "step3 time [s]": 0.0002281665802001953,
  "MESSAGE_TYPE.STEP3 size [B]": 2315,
  "overall time": 1.2164130210876465
}