{
  "step1 time [s]": 0.21462011337280273,
  "MESSAGE_TYPE.STEP1 size [B]": 219,
  "step3 time [s]": 0.036829233169555664,
  "MESSAGE_TYPE.STEP3 size [B]": 667,
  "overall time": 0.4190230369567871
}