{
  "step1 time [s]": 0.6534059047698975,
  "MESSAGE_TYPE.STEP1 size [B]": 219,
  "step3 time [s]": 0.0001990795135498047,
  "MESSAGE_TYPE.STEP3 size [B]": 2355,
  "overall time": 1.1456680297851562
}