{
  "step1 time [s]": 0.23635578155517578,
  "MESSAGE_TYPE.STEP1 size [B]": 219,
  "step3 time [s]": 0.0001010894775390625,
  "MESSAGE_TYPE.STEP3 size [B]": 1237,
  "overall time": 0.4147379398345947
}