{
  "step1 time [s]": 0.481935977935791,
  "MESSAGE_TYPE.STEP1 size [B]": 217,
  "step3 time [s]": 0.0001838207244873047,
  "MESSAGE_TYPE.STEP3 size [B]": 2342,
  "overall time": 0.8238930702209473
}