{
  "step1 time [s]": 2.566922903060913,
  "MESSAGE_TYPE.STEP1 size [B]": 219,
  "step3 time [s]": 0.0007531642913818359,
  "MESSAGE_TYPE.STEP3 size [B]": 2354,
  "overall time": 4.611675977706909
}