{
  "step1 time [s]": 0.5351531505584717,
  "MESSAGE_TYPE.STEP1 size [B]": 219,
  "step3 time [s]": 0.00015997886657714844,
  "MESSAGE_TYPE.STEP3 size [B]": 1214,
  "overall time": 0.9316990375518799
}