{
  "step1 time [s]": 0.10061120986938477,
  "MESSAGE_TYPE.STEP1 size [B]": 217,
  "step3 time [s]": 6.389617919921875e-05,
  "MESSAGE_TYPE.STEP3 size [B]": 659,
  "overall time": 0.16888928413391113
}