{
  "step1 time [s]": 2.976235866546631,
  "MESSAGE_TYPE.STEP1 size [B]": 218,
  "step3 time [s]": 0.0009789466857910156,
  "MESSAGE_TYPE.STEP3 size [B]": 2353,
  "overall time": 5.342336893081665
}