{
  "step1 time [s]": 0.0834810733795166,
  "MESSAGE_TYPE.STEP1 size [B]": 218,
  "step3 time [s]": 0.0066111087799072266,
  "MESSAGE_TYPE.STEP3 size [B]": 671,
  "overall time": 0.15432286262512207
}