{
  "step1 time [s]": 0.2040541172027588,
  "MESSAGE_TYPE.STEP1 size [B]": 220,
  "step3 time [s]": 0.053318023681640625,
  "MESSAGE_TYPE.STEP3 size [B]": 672,
  "overall time": 0.45291900634765625
}