{
  "step1 time [s]": 2.7949061393737793,
  "MESSAGE_TYPE.STEP1 size [B]": 218,
  "step3 time [s]": 0.0007810592651367188,
  "MESSAGE_TYPE.STEP3 size [B]": 2345,
  "overall time": 4.999006032943726
}