{
  "step1 time [s]": 0.11122488975524902,
  "MESSAGE_TYPE.STEP1 size [B]": 220,
  "step3 time [s]": 4.887580871582031e-05,
  "MESSAGE_TYPE.STEP3 size [B]": 669,
  "overall time": 0.22873711585998535
}