{
  "step1 time [s]": 0.5738780498504639,
  "MESSAGE_TYPE.STEP1 size [B]": 221,
  "step3 time [s]": 0.0001881122589111328,
  "MESSAGE_TYPE.STEP3 size [B]": 2345,
  "overall time": 0.9764542579650879
}