{
  "step1 time [s]": 0.48257017135620117,
  "MESSAGE_TYPE.STEP1 size [B]": 219,
  "step3 time [s]": 0.00018215179443359375,
  "MESSAGE_TYPE.STEP3 size [B]": 2367,
  "overall time": 0.81986403465271
}