{
  "step1 time [s]": 0.6603999137878418,
  "MESSAGE_TYPE.STEP1 size [B]": 218,
  "step3 time [s]": 0.00020003318786621094,
  "MESSAGE_TYPE.STEP3 size [B]": 1226,
  "overall time": 1.1635851860046387
}