{
  "step1 time [s]": 0.5122971534729004,
  "MESSAGE_TYPE.STEP1 size [B]": 218,
  "step3 time [s]": 0.00019407272338867188,
  "MESSAGE_TYPE.STEP3 size [B]": 2346,
  "overall time": 0.8928928375244141
}