{
  "step1 time [s]": 0.6403849124908447,
  "MESSAGE_TYPE.STEP1 size [B]": 219,
  "step3 time [s]": 0.00018715858459472656,
  "MESSAGE_TYPE.STEP3 size [B]": 2328,
  "overall time": 1.09965181350708
}