{
  "step1 time [s]": 0.12565994262695312,
  "MESSAGE_TYPE.STEP1 size [B]": 219,
  "step3 time [s]": 4.792213439941406e-05,
  "MESSAGE_TYPE.STEP3 size [B]": 554,
  "overall time": 0.20961809158325195
}