{
  "step1 time [s]": 2.5162770748138428,
  "MESSAGE_TYPE.STEP1 size [B]": 219,
  "step3 time [s]": 0.0007758140563964844,
  "MESSAGE_TYPE.STEP3 size [B]": 2341,
  "overall time": 4.481657981872559
}