{
  "step1 time [s]": 0.12237000465393066,
  "MESSAGE_TYPE.STEP1 size [B]": 220,
  "step3 time [s]": 7.987022399902344e-05,
  "MESSAGE_TYPE.STEP3 size [B]": 553,
  "overall time": 0.20647025108337402
}