{
  "step1 time [s]": 46.04733991622925,
  "MESSAGE_TYPE.STEP1 size [B]": 217,
  "step3 time [s]": 0.00880289077758789,
  "MESSAGE_TYPE.STEP3 size [B]": 22227,
  "overall time": 96.74433994293213
}