{
  "step1 time [s]": 0.8061051368713379,
  "MESSAGE_TYPE.STEP1 size [B]": 219,
  "step3 time [s]": 0.00023698806762695312,
  "MESSAGE_TYPE.STEP3 size [B]": 2342,
  "overall time": 1.4134840965270996
}