{
  "step1 time [s]": 0.16641592979431152,
  "MESSAGE_TYPE.STEP1 size [B]": 218,
  "step3 time [s]": 0.07788300514221191,
  "MESSAGE_TYPE.STEP3 size [B]": 667,
  "overall time": 0.48646116256713867
}