{
  "step1 time [s]": 2.929492950439453,
  "MESSAGE_TYPE.STEP1 size [B]": 221,
  "step3 time [s]": 0.0008249282836914062,
  "MESSAGE_TYPE.STEP3 size [B]": 2361,
  "overall time": 5.22880482673645
}