{
  "step1 time [s]": 0.6008040904998779,
  "MESSAGE_TYPE.STEP1 size [B]": 218,
  "step3 time [s]": 0.00026488304138183594,
  "MESSAGE_TYPE.STEP3 size [B]": 1223,
  "overall time": 1.0663130283355713
}