{
  "step1 time [s]": 25.996223211288452,
  "MESSAGE_TYPE.STEP1 size [B]": 217,
  "step3 time [s]": 0.007169008255004883,
  "MESSAGE_TYPE.STEP3 size [B]": 5727,
  "overall time": 46.82185101509094
}