{
  "step1 time [s]": 0.6243810653686523,
  "MESSAGE_TYPE.STEP1 size [B]": 217,
  "step3 time [s]": 0.00019693374633789062,
  "MESSAGE_TYPE.STEP3 size [B]": 1212,
  "overall time": 1.109715223312378
}