{
  "step1 time [s]": 0.5293362140655518,
  "MESSAGE_TYPE.STEP1 size [B]": 219,
  "step3 time [s]": 0.00020599365234375,
  "MESSAGE_TYPE.STEP3 size [B]": 2364,
  "overall time": 0.9398581981658936
}