{
  "step1 time [s]": 2.9261929988861084,
  "MESSAGE_TYPE.STEP1 size [B]": 220,
  "step3 time [s]": 0.0006480216979980469,
  "MESSAGE_TYPE.STEP3 size [B]": 2357,
  "overall time": 5.388036012649536
}