{
  "step1 time [s]": 0.12567496299743652,
  "MESSAGE_TYPE.STEP1 size [B]": 219,
  "step3 time [s]": 0.012397050857543945,
  "MESSAGE_TYPE.STEP3 size [B]": 669,
  "overall time": 0.24591398239135742
}