{
  "step1 time [s]": 0.6857521533966064,
  "MESSAGE_TYPE.STEP1 size [B]": 219,
  "step3 time [s]": 0.0002300739288330078,
  "MESSAGE_TYPE.STEP3 size [B]": 2317,
  "overall time": 1.228745937347412
}