{
  "step1 time [s]": 2.670046091079712,
  "MESSAGE_TYPE.STEP1 size [B]": 218,
  "step3 time [s]": 0.0008220672607421875,
  "MESSAGE_TYPE.STEP3 size [B]": 2331,
  "overall time": 4.754767179489136
}