{
  "step1 time [s]": 0.42385005950927734,
  "MESSAGE_TYPE.STEP1 size [B]": 219,
  "step3 time [s]": 0.0003421306610107422,
  "MESSAGE_TYPE.STEP3 size [B]": 2359,
  "overall time": 0.7630400657653809
}