{
  "step1 time [s]": 2.574233055114746,
  "MESSAGE_TYPE.STEP1 size [B]": 218,
  "step3 time [s]": 0.0007321834564208984,
  "MESSAGE_TYPE.STEP3 size [B]": 2311,
  "overall time": 4.61904501914978
}