{
  "step1 time [s]": 0.5007469654083252,
  "MESSAGE_TYPE.STEP1 size [B]": 217,
  "step3 time [s]": 0.00021505355834960938,
  "MESSAGE_TYPE.STEP3 size [B]": 2331,
  "overall time": 0.8796417713165283
}