{
  "step1 time [s]": 0.19610071182250977,
  "MESSAGE_TYPE.STEP1 size [B]": 219,
  "step3 time [s]": 0.11414790153503418,
  "MESSAGE_TYPE.STEP3 size [B]": 670,
  "overall time": 0.5269968509674072
}