{
  "step1 time [s]": 0.18061590194702148,
  "MESSAGE_TYPE.STEP1 size [B]": 217,
  "step3 time [s]": 0.109130859375,
  "MESSAGE_TYPE.STEP3 size [B]": 659,
  "overall time": 0.4651000499725342
}