{
  "step1 time [s]": 0.11326837539672852,
  "MESSAGE_TYPE.STEP1 size [B]": 218,
  "step3 time [s]": 5.507469177246094e-05,
  "MESSAGE_TYPE.STEP3 size [B]": 661,
  "overall time": 0.26932501792907715
}