{
  "step1 time [s]": 2.9691178798675537,
  "MESSAGE_TYPE.STEP1 size [B]": 219,
  "step3 time [s]": 0.0008192062377929688,
  "MESSAGE_TYPE.STEP3 size [B]": 2348,
  "overall time": 5.174851894378662
}