{
  "step1 time [s]": 0.5661439895629883,
  "MESSAGE_TYPE.STEP1 size [B]": 217,
  "step3 time [s]": 0.0001537799835205078,
  "MESSAGE_TYPE.STEP3 size [B]": 1214,
  "overall time": 1.0214850902557373
}