{
  "step1 time [s]": 2.6884732246398926,
  "MESSAGE_TYPE.STEP1 size [B]": 219,
  "step3 time [s]": 0.0007412433624267578,
  "MESSAGE_TYPE.STEP3 size [B]": 2333,
  "overall time": 4.863619089126587
}