{
  "step1 time [s]": 0.08086204528808594,
  "MESSAGE_TYPE.STEP1 size [B]": 218,
  "step3 time [s]": 5.793571472167969e-05,
  "MESSAGE_TYPE.STEP3 size [B]": 996,
  "overall time": 0.1540670394897461
}