{
  "step1 time [s]": 0.5228581428527832,
  "MESSAGE_TYPE.STEP1 size [B]": 217,
  "step3 time [s]": 0.001010894775390625,
  "MESSAGE_TYPE.STEP3 size [B]": 2343,
  "overall time": 0.9402370452880859
}