{
  "step1 time [s]": 0.800896167755127,
  "MESSAGE_TYPE.STEP1 size [B]": 217,
  "step3 time [s]": 0.00025391578674316406,
  "MESSAGE_TYPE.STEP3 size [B]": 2342,
  "overall time": 1.4307529926300049
}