{
  "step1 time [s]": 0.4776129722595215,
  "MESSAGE_TYPE.STEP1 size [B]": 220,
  "step3 time [s]": 0.00018906593322753906,
  "MESSAGE_TYPE.STEP3 size [B]": 2366,
  "overall time": 0.8383128643035889
}