{
  "step1 time [s]": 0.45273900032043457,
  "MESSAGE_TYPE.STEP1 size [B]": 220,
  "step3 time [s]": 0.0001881122589111328,
  "MESSAGE_TYPE.STEP3 size [B]": 2330,
  "overall time": 0.7925360202789307
}