{
  "step1 time [s]": 0.5106968879699707,
  "MESSAGE_TYPE.STEP1 size [B]": 218,
  "step3 time [s]": 0.00015497207641601562,
  "MESSAGE_TYPE.STEP3 size [B]": 1230,
  "overall time": 0.9015731811523438
}