{
  "step1 time [s]": 0.6427440643310547,
  "MESSAGE_TYPE.STEP1 size [B]": 217,
  "step3 time [s]": 0.0004069805145263672,
  "MESSAGE_TYPE.STEP3 size [B]": 2313,
  "overall time": 1.1567480564117432
}