{
  "step1 time [s]": 0.5269351005554199,
  "MESSAGE_TYPE.STEP1 size [B]": 219,
  "step3 time [s]": 0.0008480548858642578,
  "MESSAGE_TYPE.STEP3 size [B]": 2346,
  "overall time": 0.9160199165344238
}