{
  "step1 time [s]": 0.7201089859008789,
  "MESSAGE_TYPE.STEP1 size [B]": 219,
  "step3 time [s]": 0.0002491474151611328,
  "MESSAGE_TYPE.STEP3 size [B]": 1233,
  "overall time": 1.236525058746338
}