{
  "step1 time [s]": 2.7652781009674072,
  "MESSAGE_TYPE.STEP1 size [B]": 220,
  "step3 time [s]": 0.0014171600341796875,
  "MESSAGE_TYPE.STEP3 size [B]": 2361,
  "overall time": 4.917143106460571
}