{
  "step1 time [s]": 0.0897068977355957,
  "MESSAGE_TYPE.STEP1 size [B]": 218,
  "step3 time [s]": 8.296966552734375e-05,
  "MESSAGE_TYPE.STEP3 size [B]": 672,
  "overall time": 0.15972590446472168
}