{
  "step1 time [s]": 2.63543701171875,
  "MESSAGE_TYPE.STEP1 size [B]": 218,
  "step3 time [s]": 0.0008418560028076172,
  "MESSAGE_TYPE.STEP3 size [B]": 2346,
  "overall time": 4.7813355922698975
}