{
  "step1 time [s]": 0.09216499328613281,
  "MESSAGE_TYPE.STEP1 size [B]": 219,
  "step3 time [s]": 5.1975250244140625e-05,
  "MESSAGE_TYPE.STEP3 size [B]": 674,
  "overall time": 0.16053009033203125
}