{
  "step1 time [s]": 0.250446081161499,
  "MESSAGE_TYPE.STEP1 size [B]": 219,
  "step3 time [s]": 0.1168060302734375,
  "MESSAGE_TYPE.STEP3 size [B]": 673,
  "overall time": 0.49518370628356934
}