{
  "step1 time [s]": 1.4638280868530273,
  "MESSAGE_TYPE.STEP1 size [B]": 220,
  "step3 time [s]": 0.0003170967102050781,
  "MESSAGE_TYPE.STEP3 size [B]": 2337,
  "overall time": 2.152712821960449
}