{
  "step1 time [s]": 2.867370843887329,
  "MESSAGE_TYPE.STEP1 size [B]": 219,
  "step3 time [s]": 0.0009300708770751953,
  "MESSAGE_TYPE.STEP3 size [B]": 2340,
  "overall time": 5.1319029331207275
}