{
  "step1 time [s]": 0.22359299659729004,
  "MESSAGE_TYPE.STEP1 size [B]": 219,
  "step3 time [s]": 0.06710195541381836,
  "MESSAGE_TYPE.STEP3 size [B]": 664,
  "overall time": 0.4419667720794678
}