{
  "step1 time [s]": 0.08525586128234863,
  "MESSAGE_TYPE.STEP1 size [B]": 217,
  "step3 time [s]": 5.507469177246094e-05,
  "MESSAGE_TYPE.STEP3 size [B]": 669,
  "overall time": 0.1570291519165039
}