{
  "step1 time [s]": 0.2359631061553955,
  "MESSAGE_TYPE.STEP1 size [B]": 217,
  "step3 time [s]": 0.11495113372802734,
  "MESSAGE_TYPE.STEP3 size [B]": 670,
  "overall time": 0.5311770439147949
}