{
  "step1 time [s]": 0.09120416641235352,
  "MESSAGE_TYPE.STEP1 size [B]": 220,
  "step3 time [s]": 5.412101745605469e-05,
  "MESSAGE_TYPE.STEP3 size [B]": 666,
  "overall time": 0.17745208740234375
}