{
  "step1 time [s]": 0.2433619499206543,
  "MESSAGE_TYPE.STEP1 size [B]": 217,
  "step3 time [s]": 0.15483903884887695,
  "MESSAGE_TYPE.STEP3 size [B]": 660,
  "overall time": 0.598444938659668
}