{
  "step1 time [s]": 2.725645065307617,
  "MESSAGE_TYPE.STEP1 size [B]": 220,
  "step3 time [s]": 0.0007238388061523438,
  "MESSAGE_TYPE.STEP3 size [B]": 2340,
  "overall time": 4.940927028656006
}