{
  "step1 time [s]": 0.25734400749206543,
  "MESSAGE_TYPE.STEP1 size [B]": 220,
  "step3 time [s]": 0.00011682510375976562,
  "MESSAGE_TYPE.STEP3 size [B]": 1226,
  "overall time": 0.43993401527404785
}