{
  "step1 time [s]": 0.08529806137084961,
  "MESSAGE_TYPE.STEP1 size [B]": 220,
  "step3 time [s]": 5.91278076171875e-05,
  "MESSAGE_TYPE.STEP3 size [B]": 670,
  "overall time": 0.16314911842346191
}