{
  "step1 time [s]": 0.5177459716796875,
  "MESSAGE_TYPE.STEP1 size [B]": 218,
  "step3 time [s]": 0.00017786026000976562,
  "MESSAGE_TYPE.STEP3 size [B]": 1230,
  "overall time": 0.988361120223999
}