{
  "step1 time [s]": 0.5739476680755615,
  "MESSAGE_TYPE.STEP1 size [B]": 217,
  "step3 time [s]": 0.16822195053100586,
  "MESSAGE_TYPE.STEP3 size [B]": 4595,
  "overall time": 1.2475337982177734
}