{
  "step1 time [s]": 0.5018613338470459,
  "MESSAGE_TYPE.STEP1 size [B]": 217,
  "step3 time [s]": 0.0002079010009765625,
  "MESSAGE_TYPE.STEP3 size [B]": 2309,
  "overall time": 0.862339973449707
}