{
  "step1 time [s]": 0.3304321765899658,
  "MESSAGE_TYPE.STEP1 size [B]": 219,
  "step3 time [s]": 0.00015807151794433594,
  "MESSAGE_TYPE.STEP3 size [B]": 2342,
  "overall time": 0.5871038436889648
}