{
  "step1 time [s]": 3.299978017807007,
  "MESSAGE_TYPE.STEP1 size [B]": 217,
  "step3 time [s]": 0.0012640953063964844,
  "MESSAGE_TYPE.STEP3 size [B]": 2309,
  "overall time": 5.720067739486694
}