{
  "step1 time [s]": 0.1725292205810547,
  "MESSAGE_TYPE.STEP1 size [B]": 218,
  "step3 time [s]": 0.06206512451171875,
  "MESSAGE_TYPE.STEP3 size [B]": 664,
  "overall time": 0.39143896102905273
}