{
  "step1 time [s]": 0.08581805229187012,
  "MESSAGE_TYPE.STEP1 size [B]": 219,
  "step3 time [s]": 5.1975250244140625e-05,
  "MESSAGE_TYPE.STEP3 size [B]": 670,
  "overall time": 0.18545985221862793
}