{
  "step1 time [s]": 1.3512039184570312,
  "MESSAGE_TYPE.STEP1 size [B]": 218,
  "step3 time [s]": 0.0005800724029541016,
  "MESSAGE_TYPE.STEP3 size [B]": 2357,
  "overall time": 2.3980660438537598
}