{
  "step1 time [s]": 0.6346151828765869,
  "MESSAGE_TYPE.STEP1 size [B]": 219,
  "step3 time [s]": 0.0003108978271484375,
  "MESSAGE_TYPE.STEP3 size [B]": 1229,
  "overall time": 1.1789681911468506
}