{
  "step1 time [s]": 0.08321595191955566,
  "MESSAGE_TYPE.STEP1 size [B]": 217,
  "step3 time [s]": 7.82012939453125e-05,
  "MESSAGE_TYPE.STEP3 size [B]": 668,
  "overall time": 0.15119695663452148
}