{
  "step1 time [s]": 2.80942702293396,
  "MESSAGE_TYPE.STEP1 size [B]": 219,
  "step3 time [s]": 0.0007941722869873047,
  "MESSAGE_TYPE.STEP3 size [B]": 2344,
  "overall time": 5.017894983291626
}