{
  "step1 time [s]": 0.1714460849761963,
  "MESSAGE_TYPE.STEP1 size [B]": 219,
  "step3 time [s]": 0.05900382995605469,
  "MESSAGE_TYPE.STEP3 size [B]": 669,
  "overall time": 0.4053809642791748
}