{
  "step1 time [s]": 0.1879279613494873,
  "MESSAGE_TYPE.STEP1 size [B]": 221,
  "step3 time [s]": 0.16013169288635254,
  "MESSAGE_TYPE.STEP3 size [B]": 665,
  "overall time": 0.5281212329864502
}