{
  "step1 time [s]": 2.90054988861084,
  "MESSAGE_TYPE.STEP1 size [B]": 218,
  "step3 time [s]": 0.0009028911590576172,
  "MESSAGE_TYPE.STEP3 size [B]": 2333,
  "overall time": 5.21492600440979
}