{
  "step1 time [s]": 0.5466160774230957,
  "MESSAGE_TYPE.STEP1 size [B]": 219,
  "step3 time [s]": 0.0001850128173828125,
  "MESSAGE_TYPE.STEP3 size [B]": 2347,
  "overall time": 0.9556958675384521
}