{
  "step1 time [s]": 0.18055105209350586,
  "MESSAGE_TYPE.STEP1 size [B]": 217,
  "step3 time [s]": 0.02985215187072754,
  "MESSAGE_TYPE.STEP3 size [B]": 661,
  "overall time": 0.4475269317626953
}