{
  "step1 time [s]": 2.539689302444458,
  "MESSAGE_TYPE.STEP1 size [B]": 217,
  "step3 time [s]": 0.0007967948913574219,
  "MESSAGE_TYPE.STEP3 size [B]": 2350,
  "overall time": 4.595344066619873
}