{
  "step1 time [s]": 1.3057341575622559,
  "MESSAGE_TYPE.STEP1 size [B]": 218,
  "step3 time [s]": 0.00041604042053222656,
  "MESSAGE_TYPE.STEP3 size [B]": 4518,
  "overall time": 2.1850080490112305
}