{
  "step1 time [s]": 0.44260191917419434,
  "MESSAGE_TYPE.STEP1 size [B]": 219,
  "step3 time [s]": 0.00018405914306640625,
  "MESSAGE_TYPE.STEP3 size [B]": 2350,
  "overall time": 0.8261599540710449
}