{
  "step1 time [s]": 0.12789297103881836,
  "MESSAGE_TYPE.STEP1 size [B]": 219,
  "step3 time [s]": 7.104873657226562e-05,
  "MESSAGE_TYPE.STEP3 size [B]": 553,
  "overall time": 0.20820307731628418
}