{
  "step1 time [s]": 0.2116858959197998,
  "MESSAGE_TYPE.STEP1 size [B]": 219,
  "step3 time [s]": 0.21775507926940918,
  "MESSAGE_TYPE.STEP3 size [B]": 677,
  "overall time": 0.6087429523468018
}