{
  "step1 time [s]": 2.5498130321502686,
  "MESSAGE_TYPE.STEP1 size [B]": 218,
  "step3 time [s]": 0.0007920265197753906,
  "MESSAGE_TYPE.STEP3 size [B]": 2322,
  "overall time": 2.6136529445648193
}