{
  "step1 time [s]": 0.19130396842956543,
  "MESSAGE_TYPE.STEP1 size [B]": 219,
  "step3 time [s]": 0.03235125541687012,
  "MESSAGE_TYPE.STEP3 size [B]": 671,
  "overall time": 0.3340458869934082
}