{
  "step1 time [s]": 2.843769073486328,
  "MESSAGE_TYPE.STEP1 size [B]": 218,
  "step3 time [s]": 0.0008347034454345703,
  "MESSAGE_TYPE.STEP3 size [B]": 2330,
  "overall time": 5.075223207473755
}