{
  "step1 time [s]": 0.2618098258972168,
  "MESSAGE_TYPE.STEP1 size [B]": 218,
  "step3 time [s]": 0.00011301040649414062,
  "MESSAGE_TYPE.STEP3 size [B]": 1217,
  "overall time": 0.28322362899780273
}