{
  "step1 time [s]": 0.4950850009918213,
  "MESSAGE_TYPE.STEP1 size [B]": 217,
  "step3 time [s]": 0.00019288063049316406,
  "MESSAGE_TYPE.STEP3 size [B]": 2322,
  "overall time": 0.8505628108978271
}