{
  "step1 time [s]": 0.14341497421264648,
  "MESSAGE_TYPE.STEP1 size [B]": 219,
  "step3 time [s]": 0.04656195640563965,
  "MESSAGE_TYPE.STEP3 size [B]": 661,
  "overall time": 0.31357502937316895
}