{
  "step1 time [s]": 0.16311883926391602,
  "MESSAGE_TYPE.STEP1 size [B]": 217,
  "step3 time [s]": 0.07613992691040039,
  "MESSAGE_TYPE.STEP3 size [B]": 659,
  "overall time": 0.40320730209350586
}