{
  "step1 time [s]": 2.5984678268432617,
  "MESSAGE_TYPE.STEP1 size [B]": 218,
  "step3 time [s]": 0.0008540153503417969,
  "MESSAGE_TYPE.STEP3 size [B]": 2351,
  "overall time": 4.697927236557007
}