{
  "step1 time [s]": 2.785126209259033,
  "MESSAGE_TYPE.STEP1 size [B]": 217,
  "step3 time [s]": 0.0009560585021972656,
  "MESSAGE_TYPE.STEP3 size [B]": 2318,
  "overall time": 4.992621183395386
}