{
  "step1 time [s]": 0.18138504028320312,
  "MESSAGE_TYPE.STEP1 size [B]": 218,
  "step3 time [s]": 0.03703498840332031,
  "MESSAGE_TYPE.STEP3 size [B]": 668,
  "overall time": 0.3718850612640381
}