{
  "step1 time [s]": 0.20163488388061523,
  "MESSAGE_TYPE.STEP1 size [B]": 217,
  "step3 time [s]": 0.13678407669067383,
  "MESSAGE_TYPE.STEP3 size [B]": 664,
  "overall time": 0.4631040096282959
}