{
  "step1 time [s]": 0.1650989055633545,
  "MESSAGE_TYPE.STEP1 size [B]": 218,
  "step3 time [s]": 0.04506492614746094,
  "MESSAGE_TYPE.STEP3 size [B]": 663,
  "overall time": 0.4046039581298828
}