{
  "step1 time [s]": 0.659738302230835,
  "MESSAGE_TYPE.STEP1 size [B]": 219,
  "step3 time [s]": 0.0002510547637939453,
  "MESSAGE_TYPE.STEP3 size [B]": 1223,
  "overall time": 1.2016818523406982
}