{
  "step1 time [s]": 0.6309852600097656,
  "MESSAGE_TYPE.STEP1 size [B]": 217,
  "step3 time [s]": 0.0002090930938720703,
  "MESSAGE_TYPE.STEP3 size [B]": 1225,
  "overall time": 1.1502799987792969
}