{
  "step1 time [s]": 0.19974803924560547,
  "MESSAGE_TYPE.STEP1 size [B]": 218,
  "step3 time [s]": 0.11407709121704102,
  "MESSAGE_TYPE.STEP3 size [B]": 668,
  "overall time": 0.5578181743621826
}