{
  "step1 time [s]": 0.5243668556213379,
  "MESSAGE_TYPE.STEP1 size [B]": 219,
  "step3 time [s]": 0.0002658367156982422,
  "MESSAGE_TYPE.STEP3 size [B]": 2331,
  "overall time": 0.9651889801025391
}