{
  "step1 time [s]": 2.6198949813842773,
  "MESSAGE_TYPE.STEP1 size [B]": 220,
  "step3 time [s]": 0.0007781982421875,
  "MESSAGE_TYPE.STEP3 size [B]": 2356,
  "overall time": 4.714108943939209
}