{
  "step1 time [s]": 2.833983898162842,
  "MESSAGE_TYPE.STEP1 size [B]": 220,
  "step3 time [s]": 0.0008640289306640625,
  "MESSAGE_TYPE.STEP3 size [B]": 2352,
  "overall time": 5.0740437507629395
}