{
  "step1 time [s]": 2.749809980392456,
  "MESSAGE_TYPE.STEP1 size [B]": 217,
  "step3 time [s]": 0.0008189678192138672,
  "MESSAGE_TYPE.STEP3 size [B]": 2342,
  "overall time": 2.802072286605835
}