{
  "step1 time [s]": 0.7817490100860596,
  "MESSAGE_TYPE.STEP1 size [B]": 217,
  "step3 time [s]": 0.0003898143768310547,
  "MESSAGE_TYPE.STEP3 size [B]": 2309,
  "overall time": 1.3644440174102783
}