{
  "step1 time [s]": 0.7754201889038086,
  "MESSAGE_TYPE.STEP1 size [B]": 219,
  "step3 time [s]": 0.00023126602172851562,
  "MESSAGE_TYPE.STEP3 size [B]": 2345,
  "overall time": 1.455331802368164
}