{
  "step1 time [s]": 0.20080089569091797,
  "MESSAGE_TYPE.STEP1 size [B]": 219,
  "step3 time [s]": 0.18163418769836426,
  "MESSAGE_TYPE.STEP3 size [B]": 665,
  "overall time": 0.5286517143249512
}