{
  "step1 time [s]": 2.608677864074707,
  "MESSAGE_TYPE.STEP1 size [B]": 222,
  "step3 time [s]": 0.0007920265197753906,
  "MESSAGE_TYPE.STEP3 size [B]": 2341,
  "overall time": 5.033380031585693
}