{
  "step1 time [s]": 26.051026821136475,
  "MESSAGE_TYPE.STEP1 size [B]": 220,
  "step3 time [s]": 0.005600929260253906,
  "MESSAGE_TYPE.STEP3 size [B]": 5703,
  "overall time": 53.129178047180176
}