{
  "step1 time [s]": 0.16198205947875977,
  "MESSAGE_TYPE.STEP1 size [B]": 217,
  "step3 time [s]": 0.09624600410461426,
  "MESSAGE_TYPE.STEP3 size [B]": 662,
  "overall time": 0.3951287269592285
}