{
  "step1 time [s]": 0.08740806579589844,
  "MESSAGE_TYPE.STEP1 size [B]": 218,
  "step3 time [s]": 0.017183780670166016,
  "MESSAGE_TYPE.STEP3 size [B]": 666,
  "overall time": 0.18656420707702637
}