{
  "step1 time [s]": 2.7773091793060303,
  "MESSAGE_TYPE.STEP1 size [B]": 219,
  "step3 time [s]": 0.0008380413055419922,
  "MESSAGE_TYPE.STEP3 size [B]": 2359,
  "overall time": 4.989451885223389
}