{
  "step1 time [s]": 0.25786805152893066,
  "MESSAGE_TYPE.STEP1 size [B]": 219,
  "step3 time [s]": 0.11104989051818848,
  "MESSAGE_TYPE.STEP3 size [B]": 671,
  "overall time": 0.5064656734466553
}