{
  "step1 time [s]": 0.8992009162902832,
  "MESSAGE_TYPE.STEP1 size [B]": 218,
  "step3 time [s]": 0.0002617835998535156,
  "MESSAGE_TYPE.STEP3 size [B]": 2332,
  "overall time": 1.499194860458374
}