{
  "step1 time [s]": 0.22211503982543945,
  "MESSAGE_TYPE.STEP1 size [B]": 217,
  "step3 time [s]": 0.00011587142944335938,
  "MESSAGE_TYPE.STEP3 size [B]": 1227,
  "overall time": 0.2348771095275879
}