{
  "step1 time [s]": 2.8666489124298096,
  "MESSAGE_TYPE.STEP1 size [B]": 219,
  "step3 time [s]": 0.0008401870727539062,
  "MESSAGE_TYPE.STEP3 size [B]": 2353,
  "overall time": 5.101615905761719
}