{
  "step1 time [s]": 0.17665576934814453,
  "MESSAGE_TYPE.STEP1 size [B]": 218,
  "step3 time [s]": 0.09960722923278809,
  "MESSAGE_TYPE.STEP3 size [B]": 661,
  "overall time": 0.45859193801879883
}