{
  "step1 time [s]": 0.4807872772216797,
  "MESSAGE_TYPE.STEP1 size [B]": 220,
  "step3 time [s]": 0.00028514862060546875,
  "MESSAGE_TYPE.STEP3 size [B]": 2355,
  "overall time": 0.8344581127166748
}