{
  "step1 time [s]": 0.20615291595458984,
  "MESSAGE_TYPE.STEP1 size [B]": 219,
  "step3 time [s]": 0.14136219024658203,
  "MESSAGE_TYPE.STEP3 size [B]": 667,
  "overall time": 0.5037550926208496
}