{
  "step1 time [s]": 0.5450060367584229,
  "MESSAGE_TYPE.STEP1 size [B]": 219,
  "step3 time [s]": 0.00021600723266601562,
  "MESSAGE_TYPE.STEP3 size [B]": 2353,
  "overall time": 1.05476975440979
}