{
  "step1 time [s]": 0.1675429344177246,
  "MESSAGE_TYPE.STEP1 size [B]": 220,
  "step3 time [s]": 0.2284250259399414,
  "MESSAGE_TYPE.STEP3 size [B]": 676,
  "overall time": 0.5327591896057129
}