{
  "step1 time [s]": 0.15714097023010254,
  "MESSAGE_TYPE.STEP1 size [B]": 218,
  "step3 time [s]": 0.08270978927612305,
  "MESSAGE_TYPE.STEP3 size [B]": 665,
  "overall time": 0.42248988151550293
}