{
  "step1 time [s]": 0.4868500232696533,
  "MESSAGE_TYPE.STEP1 size [B]": 217,
  "step3 time [s]": 0.00020503997802734375,
  "MESSAGE_TYPE.STEP3 size [B]": 2359,
  "overall time": 0.8658678531646729
}