{
  "step1 time [s]": 0.18323993682861328,
  "MESSAGE_TYPE.STEP1 size [B]": 220,
  "step3 time [s]": 0.04573488235473633,
  "MESSAGE_TYPE.STEP3 size [B]": 669,
  "overall time": 0.3922288417816162
}