{
  "step1 time [s]": 0.08521604537963867,
  "MESSAGE_TYPE.STEP1 size [B]": 219,
  "step3 time [s]": 7.700920104980469e-05,
  "MESSAGE_TYPE.STEP3 size [B]": 667,
  "overall time": 0.1585400104522705
}