{
  "step1 time [s]": 0.12303471565246582,
  "MESSAGE_TYPE.STEP1 size [B]": 218,
  "step3 time [s]": 6.890296936035156e-05,
  "MESSAGE_TYPE.STEP3 size [B]": 556,
  "overall time": 0.21120786666870117
}