{
  "step1 time [s]": 2.7479381561279297,
  "MESSAGE_TYPE.STEP1 size [B]": 217,
  "step3 time [s]": 0.0008840560913085938,
  "MESSAGE_TYPE.STEP3 size [B]": 2309,
  "overall time": 4.825588941574097
}