{
  "step1 time [s]": 0.1367490291595459,
  "MESSAGE_TYPE.STEP1 size [B]": 218,
  "step3 time [s]": 6.389617919921875e-05,
  "MESSAGE_TYPE.STEP3 size [B]": 663,
  "overall time": 0.2616450786590576
}