{
  "step1 time [s]": 0.6512680053710938,
  "MESSAGE_TYPE.STEP1 size [B]": 218,
  "step3 time [s]": 0.00020503997802734375,
  "MESSAGE_TYPE.STEP3 size [B]": 2330,
  "overall time": 1.2740092277526855
}