{
  "step1 time [s]": 4.666038990020752,
  "MESSAGE_TYPE.STEP1 size [B]": 219,
  "step3 time [s]": 0.0006420612335205078,
  "MESSAGE_TYPE.STEP3 size [B]": 2325,
  "overall time": 7.016172885894775
}