{
  "step1 time [s]": 0.10119128227233887,
  "MESSAGE_TYPE.STEP1 size [B]": 219,
  "step3 time [s]": 7.700920104980469e-05,
  "MESSAGE_TYPE.STEP3 size [B]": 668,
  "overall time": 0.19609904289245605
}