{
  "step1 time [s]": 0.16005921363830566,
  "MESSAGE_TYPE.STEP1 size [B]": 217,
  "step3 time [s]": 8.702278137207031e-05,
  "MESSAGE_TYPE.STEP3 size [B]": 674,
  "overall time": 0.27313685417175293
}