{
  "step1 time [s]": 0.6711668968200684,
  "MESSAGE_TYPE.STEP1 size [B]": 219,
  "step3 time [s]": 0.00019478797912597656,
  "MESSAGE_TYPE.STEP3 size [B]": 2320,
  "overall time": 1.0994455814361572
}