{
  "step1 time [s]": 0.1844339370727539,
  "MESSAGE_TYPE.STEP1 size [B]": 219,
  "step3 time [s]": 0.08505010604858398,
  "MESSAGE_TYPE.STEP3 size [B]": 669,
  "overall time": 0.4674241542816162
}