{
  "step1 time [s]": 0.1088409423828125,
  "MESSAGE_TYPE.STEP1 size [B]": 218,
  "step3 time [s]": 5.3882598876953125e-05,
  "MESSAGE_TYPE.STEP3 size [B]": 663,
  "overall time": 0.1798388957977295
}