{
  "step1 time [s]": 2.9584438800811768,
  "MESSAGE_TYPE.STEP1 size [B]": 220,
  "step3 time [s]": 0.0007359981536865234,
  "MESSAGE_TYPE.STEP3 size [B]": 2316,
  "overall time": 5.093490839004517
}