{
  "step1 time [s]": 0.44625425338745117,
  "MESSAGE_TYPE.STEP1 size [B]": 218,
  "step3 time [s]": 0.0001800060272216797,
  "MESSAGE_TYPE.STEP3 size [B]": 2333,
  "overall time": 0.7754919528961182
}