{
  "step1 time [s]": 2.6114931106567383,
  "MESSAGE_TYPE.STEP1 size [B]": 218,
  "step3 time [s]": 0.0006530284881591797,
  "MESSAGE_TYPE.STEP3 size [B]": 2324,
  "overall time": 4.7741639614105225
}