{
  "step1 time [s]": 0.488933801651001,
  "MESSAGE_TYPE.STEP1 size [B]": 220,
  "step3 time [s]": 0.00018286705017089844,
  "MESSAGE_TYPE.STEP3 size [B]": 2341,
  "overall time": 0.8427650928497314
}