{
  "step1 time [s]": 0.18292927742004395,
  "MESSAGE_TYPE.STEP1 size [B]": 217,
  "step3 time [s]": 0.0796651840209961,
  "MESSAGE_TYPE.STEP3 size [B]": 674,
  "overall time": 0.42758798599243164
}