{
  "step1 time [s]": 0.12652277946472168,
  "MESSAGE_TYPE.STEP1 size [B]": 219,
  "step3 time [s]": 0.011719942092895508,
  "MESSAGE_TYPE.STEP3 size [B]": 674,
  "overall time": 0.2594747543334961
}