{
  "step1 time [s]": 0.1757049560546875,
  "MESSAGE_TYPE.STEP1 size [B]": 218,
  "step3 time [s]": 0.15973806381225586,
  "MESSAGE_TYPE.STEP3 size [B]": 664,
  "overall time": 0.5611691474914551
}