{
  "step1 time [s]": 0.6400349140167236,
  "MESSAGE_TYPE.STEP1 size [B]": 218,
  "step3 time [s]": 0.00020503997802734375,
  "MESSAGE_TYPE.STEP3 size [B]": 2335,
  "overall time": 1.1458311080932617
}