{
  "step1 time [s]": 0.22513699531555176,
  "MESSAGE_TYPE.STEP1 size [B]": 219,
  "step3 time [s]": 0.15424799919128418,
  "MESSAGE_TYPE.STEP3 size [B]": 670,
  "overall time": 0.5417687892913818
}