{
  "step1 time [s]": 50.02233695983887,
  "MESSAGE_TYPE.STEP1 size [B]": 220,
  "step3 time [s]": 0.009376764297485352,
  "MESSAGE_TYPE.STEP3 size [B]": 22492,
  "overall time": 96.6899631023407
}