{
  "step1 time [s]": 0.18333005905151367,
  "MESSAGE_TYPE.STEP1 size [B]": 221,
  "step3 time [s]": 0.0295102596282959,
  "MESSAGE_TYPE.STEP3 size [B]": 674,
  "overall time": 0.3575398921966553
}