{
  "step1 time [s]": 0.1632540225982666,
  "MESSAGE_TYPE.STEP1 size [B]": 218,
  "step3 time [s]": 0.16491484642028809,
  "MESSAGE_TYPE.STEP3 size [B]": 663,
  "overall time": 0.4804079532623291
}