{
  "step1 time [s]": 0.2417159080505371,
  "MESSAGE_TYPE.STEP1 size [B]": 217,
  "step3 time [s]": 0.00012612342834472656,
  "MESSAGE_TYPE.STEP3 size [B]": 1230,
  "overall time": 0.4252040386199951
}