{
  "step1 time [s]": 0.4871029853820801,
  "MESSAGE_TYPE.STEP1 size [B]": 221,
  "step3 time [s]": 0.00021123886108398438,
  "MESSAGE_TYPE.STEP3 size [B]": 2364,
  "overall time": 0.8704850673675537
}