{
  "step1 time [s]": 2.7679829597473145,
  "MESSAGE_TYPE.STEP1 size [B]": 219,
  "step3 time [s]": 0.0007529258728027344,
  "MESSAGE_TYPE.STEP3 size [B]": 2354,
  "overall time": 5.207823991775513
}