{
  "step1 time [s]": 0.10338091850280762,
  "MESSAGE_TYPE.STEP1 size [B]": 218,
  "step3 time [s]": 0.15056920051574707,
  "MESSAGE_TYPE.STEP3 size [B]": 667,
  "overall time": 0.3631470203399658
}