{
  "step1 time [s]": 0.7053048610687256,
  "MESSAGE_TYPE.STEP1 size [B]": 217,
  "step3 time [s]": 0.0005519390106201172,
  "MESSAGE_TYPE.STEP3 size [B]": 11274,
  "overall time": 1.1828601360321045
}