{
  "step1 time [s]": 0.6098740100860596,
  "MESSAGE_TYPE.STEP1 size [B]": 221,
  "step3 time [s]": 0.0002181529998779297,
  "MESSAGE_TYPE.STEP3 size [B]": 2338,
  "overall time": 1.121748924255371
}