{
  "step1 time [s]": 0.49071693420410156,
  "MESSAGE_TYPE.STEP1 size [B]": 218,
  "step3 time [s]": 0.0001838207244873047,
  "MESSAGE_TYPE.STEP3 size [B]": 2328,
  "overall time": 0.8900637626647949
}