{
  "step1 time [s]": 0.7010660171508789,
  "MESSAGE_TYPE.STEP1 size [B]": 219,
  "step3 time [s]": 0.00020885467529296875,
  "MESSAGE_TYPE.STEP3 size [B]": 1215,
  "overall time": 1.3599450588226318
}