{
  "step1 time [s]": 0.5369699001312256,
  "MESSAGE_TYPE.STEP1 size [B]": 218,
  "step3 time [s]": 0.00018405914306640625,
  "MESSAGE_TYPE.STEP3 size [B]": 2340,
  "overall time": 0.9252490997314453
}