{
  "step1 time [s]": 0.19223761558532715,
  "MESSAGE_TYPE.STEP1 size [B]": 217,
  "step3 time [s]": 0.04795575141906738,
  "MESSAGE_TYPE.STEP3 size [B]": 662,
  "overall time": 0.3910830020904541
}