{
  "step1 time [s]": 2.4491147994995117,
  "MESSAGE_TYPE.STEP1 size [B]": 217,
  "step3 time [s]": 0.0008487701416015625,
  "MESSAGE_TYPE.STEP3 size [B]": 2336,
  "overall time": 4.3366639614105225
}