{
  "step1 time [s]": 0.7966570854187012,
  "MESSAGE_TYPE.STEP1 size [B]": 217,
  "step3 time [s]": 0.00023508071899414062,
  "MESSAGE_TYPE.STEP3 size [B]": 2323,
  "overall time": 1.3357739448547363
}