{
  "step1 time [s]": 0.8587348461151123,
  "MESSAGE_TYPE.STEP1 size [B]": 218,
  "step3 time [s]": 0.00035190582275390625,
  "MESSAGE_TYPE.STEP3 size [B]": 2323,
  "overall time": 1.557762861251831
}