{
  "step1 time [s]": 0.2464008331298828,
  "MESSAGE_TYPE.STEP1 size [B]": 219,
  "step3 time [s]": 0.21541094779968262,
  "MESSAGE_TYPE.STEP3 size [B]": 673,
  "overall time": 0.6254351139068604
}