{
  "step1 time [s]": 0.5748438835144043,
  "MESSAGE_TYPE.STEP1 size [B]": 217,
  "step3 time [s]": 0.0002048015594482422,
  "MESSAGE_TYPE.STEP3 size [B]": 1213,
  "overall time": 1.0129070281982422
}