{
  "step1 time [s]": 2.6792449951171875,
  "MESSAGE_TYPE.STEP1 size [B]": 219,
  "step3 time [s]": 0.0007441043853759766,
  "MESSAGE_TYPE.STEP3 size [B]": 2340,
  "overall time": 4.733713865280151
}