{
  "step1 time [s]": 0.4942021369934082,
  "MESSAGE_TYPE.STEP1 size [B]": 218,
  "step3 time [s]": 0.00018215179443359375,
  "MESSAGE_TYPE.STEP3 size [B]": 2332,
  "overall time": 0.8511269092559814
}