{
  "step1 time [s]": 0.8438460826873779,
  "MESSAGE_TYPE.STEP1 size [B]": 219,
  "step3 time [s]": 0.000453948974609375,
  "MESSAGE_TYPE.STEP3 size [B]": 2356,
  "overall time": 1.40720796585083
}