{
  "step1 time [s]": 0.1606287956237793,
  "MESSAGE_TYPE.STEP1 size [B]": 219,
  "step3 time [s]": 0.04060792922973633,
  "MESSAGE_TYPE.STEP3 size [B]": 663,
  "overall time": 0.3599369525909424
}