{
  "step1 time [s]": 0.5000061988830566,
  "MESSAGE_TYPE.STEP1 size [B]": 218,
  "step3 time [s]": 0.00019097328186035156,
  "MESSAGE_TYPE.STEP3 size [B]": 1233,
  "overall time": 0.9407141208648682
}