{
  "step1 time [s]": 0.16975617408752441,
  "MESSAGE_TYPE.STEP1 size [B]": 219,
  "step3 time [s]": 0.1153099536895752,
  "MESSAGE_TYPE.STEP3 size [B]": 672,
  "overall time": 0.46065402030944824
}