{
  "step1 time [s]": 0.21440505981445312,
  "MESSAGE_TYPE.STEP1 size [B]": 218,
  "step3 time [s]": 0.12853693962097168,
  "MESSAGE_TYPE.STEP3 size [B]": 673,
  "overall time": 0.5056262016296387
}