{
  "step1 time [s]": 0.6470820903778076,
  "MESSAGE_TYPE.STEP1 size [B]": 218,
  "step3 time [s]": 0.0002582073211669922,
  "MESSAGE_TYPE.STEP3 size [B]": 2345,
  "overall time": 1.1222739219665527
}