{
  "step1 time [s]": 2.624683141708374,
  "MESSAGE_TYPE.STEP1 size [B]": 218,
  "step3 time [s]": 0.0007722377777099609,
  "MESSAGE_TYPE.STEP3 size [B]": 2355,
  "overall time": 4.695234060287476
}