{
  "step1 time [s]": 0.17067384719848633,
  "MESSAGE_TYPE.STEP1 size [B]": 220,
  "step3 time [s]": 0.07448315620422363,
  "MESSAGE_TYPE.STEP3 size [B]": 670,
  "overall time": 0.39316797256469727
}