{
  "step1 time [s]": 2.745889663696289,
  "MESSAGE_TYPE.STEP1 size [B]": 217,
  "step3 time [s]": 0.000720977783203125,
  "MESSAGE_TYPE.STEP3 size [B]": 2341,
  "overall time": 4.910653829574585
}