{
  "step1 time [s]": 2.5090138912200928,
  "MESSAGE_TYPE.STEP1 size [B]": 220,
  "step3 time [s]": 0.0007579326629638672,
  "MESSAGE_TYPE.STEP3 size [B]": 2350,
  "overall time": 2.5516889095306396
}