{
  "step1 time [s]": 0.5057408809661865,
  "MESSAGE_TYPE.STEP1 size [B]": 222,
  "step3 time [s]": 0.00020194053649902344,
  "MESSAGE_TYPE.STEP3 size [B]": 2358,
  "overall time": 0.9030840396881104
}