{
  "step1 time [s]": 0.09250617027282715,
  "MESSAGE_TYPE.STEP1 size [B]": 221,
  "step3 time [s]": 4.887580871582031e-05,
  "MESSAGE_TYPE.STEP3 size [B]": 673,
  "overall time": 0.18570590019226074
}