{
  "step1 time [s]": 2.446591854095459,
  "MESSAGE_TYPE.STEP1 size [B]": 219,
  "step3 time [s]": 0.0006971359252929688,
  "MESSAGE_TYPE.STEP3 size [B]": 2352,
  "overall time": 4.428156852722168
}