{
  "step1 time [s]": 0.45371389389038086,
  "MESSAGE_TYPE.STEP1 size [B]": 219,
  "step3 time [s]": 0.0001690387725830078,
  "MESSAGE_TYPE.STEP3 size [B]": 1227,
  "overall time": 0.8416929244995117
}