{
  "step1 time [s]": 0.557344913482666,
  "MESSAGE_TYPE.STEP1 size [B]": 222,
  "step3 time [s]": 0.00021195411682128906,
  "MESSAGE_TYPE.STEP3 size [B]": 1235,
  "overall time": 1.0522069931030273
}