{
  "step1 time [s]": 3.8511438369750977,
  "MESSAGE_TYPE.STEP1 size [B]": 219,
  "step3 time [s]": 0.0009291172027587891,
  "MESSAGE_TYPE.STEP3 size [B]": 2326,
  "overall time": 7.06134819984436
}