{
  "step1 time [s]": 0.1888129711151123,
  "MESSAGE_TYPE.STEP1 size [B]": 217,
  "step3 time [s]": 0.0751190185546875,
  "MESSAGE_TYPE.STEP3 size [B]": 660,
  "overall time": 0.4432241916656494
}