{
  "step1 time [s]": 0.7877328395843506,
  "MESSAGE_TYPE.STEP1 size [B]": 218,
  "step3 time [s]": 0.00026702880859375,
  "MESSAGE_TYPE.STEP3 size [B]": 2352,
  "overall time": 1.3639609813690186
}