{
  "step1 time [s]": 0.5962748527526855,
  "MESSAGE_TYPE.STEP1 size [B]": 218,
  "step3 time [s]": 0.0001838207244873047,
  "MESSAGE_TYPE.STEP3 size [B]": 1226,
  "overall time": 1.0694420337677002
}