{
  "step1 time [s]": 0.22096896171569824,
  "MESSAGE_TYPE.STEP1 size [B]": 219,
  "step3 time [s]": 0.11916303634643555,
  "MESSAGE_TYPE.STEP3 size [B]": 670,
  "overall time": 0.5033481121063232
}