{
  "step1 time [s]": 3.2646028995513916,
  "MESSAGE_TYPE.STEP1 size [B]": 216,
  "step3 time [s]": 0.000804901123046875,
  "MESSAGE_TYPE.STEP3 size [B]": 2327,
  "overall time": 5.876146078109741
}