{
  "step1 time [s]": 0.5765609741210938,
  "MESSAGE_TYPE.STEP1 size [B]": 217,
  "step3 time [s]": 0.0001919269561767578,
  "MESSAGE_TYPE.STEP3 size [B]": 2340,
  "overall time": 1.0014081001281738
}