{
  "step1 time [s]": 0.36995816230773926,
  "MESSAGE_TYPE.STEP1 size [B]": 217,
  "step3 time [s]": 0.00020813941955566406,
  "MESSAGE_TYPE.STEP3 size [B]": 2317,
  "overall time": 0.6538751125335693
}