{
  "step1 time [s]": 0.5902361869812012,
  "MESSAGE_TYPE.STEP1 size [B]": 218,
  "step3 time [s]": 0.00020003318786621094,
  "MESSAGE_TYPE.STEP3 size [B]": 1223,
  "overall time": 1.1295781135559082
}