{
  "step1 time [s]": 0.10239529609680176,
  "MESSAGE_TYPE.STEP1 size [B]": 222,
  "step3 time [s]": 7.104873657226562e-05,
  "MESSAGE_TYPE.STEP3 size [B]": 1232,
  "overall time": 0.20555615425109863
}