{
  "step1 time [s]": 0.18288421630859375,
  "MESSAGE_TYPE.STEP1 size [B]": 217,
  "step3 time [s]": 0.07094502449035645,
  "MESSAGE_TYPE.STEP3 size [B]": 665,
  "overall time": 0.4026780128479004
}