{
  "step1 time [s]": 0.49936676025390625,
  "MESSAGE_TYPE.STEP1 size [B]": 219,
  "step3 time [s]": 0.00018596649169921875,
  "MESSAGE_TYPE.STEP3 size [B]": 2346,
  "overall time": 0.8768770694732666
}