{
  "step1 time [s]": 0.6588952541351318,
  "MESSAGE_TYPE.STEP1 size [B]": 220,
  "step3 time [s]": 0.00016927719116210938,
  "MESSAGE_TYPE.STEP3 size [B]": 1226,
  "overall time": 1.130843162536621
}