{
  "step1 time [s]": 0.8567690849304199,
  "MESSAGE_TYPE.STEP1 size [B]": 219,
  "step3 time [s]": 0.00026607513427734375,
  "MESSAGE_TYPE.STEP3 size [B]": 2346,
  "overall time": 1.536996841430664
}