{
  "step1 time [s]": 0.15646791458129883,
  "MESSAGE_TYPE.STEP1 size [B]": 217,
  "step3 time [s]": 0.1345210075378418,
  "MESSAGE_TYPE.STEP3 size [B]": 659,
  "overall time": 0.48537778854370117
}