{
  "step1 time [s]": 0.1130528450012207,
  "MESSAGE_TYPE.STEP1 size [B]": 218,
  "step3 time [s]": 0.00012612342834472656,
  "MESSAGE_TYPE.STEP3 size [B]": 667,
  "overall time": 0.21308398246765137
}