{
  "step1 time [s]": 0.7243912220001221,
  "MESSAGE_TYPE.STEP1 size [B]": 219,
  "step3 time [s]": 0.0004718303680419922,
  "MESSAGE_TYPE.STEP3 size [B]": 2353,
  "overall time": 1.5836260318756104
}