{
  "step1 time [s]": 0.12201762199401855,
  "MESSAGE_TYPE.STEP1 size [B]": 218,
  "step3 time [s]": 0.06686592102050781,
  "MESSAGE_TYPE.STEP3 size [B]": 667,
  "overall time": 0.31489992141723633
}