{
  "step1 time [s]": 0.1130974292755127,
  "MESSAGE_TYPE.STEP1 size [B]": 218,
  "step3 time [s]": 0.0894627571105957,
  "MESSAGE_TYPE.STEP3 size [B]": 662,
  "overall time": 0.3124370574951172
}