{
  "step1 time [s]": 0.3839740753173828,
  "MESSAGE_TYPE.STEP1 size [B]": 218,
  "step3 time [s]": 0.00025081634521484375,
  "MESSAGE_TYPE.STEP3 size [B]": 5641,
  "overall time": 0.6595687866210938
}