{
  "step1 time [s]": 0.787775993347168,
  "MESSAGE_TYPE.STEP1 size [B]": 220,
  "step3 time [s]": 0.00021505355834960938,
  "MESSAGE_TYPE.STEP3 size [B]": 2347,
  "overall time": 1.2875661849975586
}