{
  "step1 time [s]": 0.5835671424865723,
  "MESSAGE_TYPE.STEP1 size [B]": 219,
  "step3 time [s]": 0.0001857280731201172,
  "MESSAGE_TYPE.STEP3 size [B]": 2351,
  "overall time": 1.0146639347076416
}