{
  "step1 time [s]": 0.7005760669708252,
  "MESSAGE_TYPE.STEP1 size [B]": 217,
  "step3 time [s]": 0.0003409385681152344,
  "MESSAGE_TYPE.STEP3 size [B]": 2315,
  "overall time": 1.2420101165771484
}