{
  "step1 time [s]": 0.4832918643951416,
  "MESSAGE_TYPE.STEP1 size [B]": 218,
  "step3 time [s]": 0.0001850128173828125,
  "MESSAGE_TYPE.STEP3 size [B]": 2345,
  "overall time": 0.8417918682098389
}