{
  "step1 time [s]": 0.1888139247894287,
  "MESSAGE_TYPE.STEP1 size [B]": 220,
  "step3 time [s]": 0.08900284767150879,
  "MESSAGE_TYPE.STEP3 size [B]": 668,
  "overall time": 0.4717898368835449
}