{
  "step1 time [s]": 0.19389081001281738,
  "MESSAGE_TYPE.STEP1 size [B]": 217,
  "step3 time [s]": 0.14725828170776367,
  "MESSAGE_TYPE.STEP3 size [B]": 659,
  "overall time": 0.5308070182800293
}