{
  "step1 time [s]": 2.9396300315856934,
  "MESSAGE_TYPE.STEP1 size [B]": 217,
  "step3 time [s]": 0.0008649826049804688,
  "MESSAGE_TYPE.STEP3 size [B]": 2329,
  "overall time": 5.2217020988464355
}