{
  "step1 time [s]": 0.6718029975891113,
  "MESSAGE_TYPE.STEP1 size [B]": 218,
  "step3 time [s]": 0.0002810955047607422,
  "MESSAGE_TYPE.STEP3 size [B]": 2312,
  "overall time": 1.2646660804748535
}