{
  "step1 time [s]": 611.947958946228,
  "MESSAGE_TYPE.STEP1 size [B]": 219,
  "step3 time [s]": 0.1275639533996582,
  "MESSAGE_TYPE.STEP3 size [B]": 22473,
  "overall time": 1388.4972019195557
}