{
  "step1 time [s]": 0.15747594833374023,
  "MESSAGE_TYPE.STEP1 size [B]": 220,
  "step3 time [s]": 0.16103410720825195,
  "MESSAGE_TYPE.STEP3 size [B]": 665,
  "overall time": 0.4733591079711914
}