{
  "step1 time [s]": 0.18192172050476074,
  "MESSAGE_TYPE.STEP1 size [B]": 218,
  "step3 time [s]": 0.16515374183654785,
  "MESSAGE_TYPE.STEP3 size [B]": 668,
  "overall time": 0.4983961582183838
}