{
  "step1 time [s]": 0.15849876403808594,
  "MESSAGE_TYPE.STEP1 size [B]": 217,
  "step3 time [s]": 0.01234292984008789,
  "MESSAGE_TYPE.STEP3 size [B]": 663,
  "overall time": 0.2685360908508301
}