{
  "step1 time [s]": 2.985560894012451,
  "MESSAGE_TYPE.STEP1 size [B]": 218,
  "step3 time [s]": 0.0011620521545410156,
  "MESSAGE_TYPE.STEP3 size [B]": 2341,
  "overall time": 5.202924013137817
}