{
  "step1 time [s]": 2.713620901107788,
  "MESSAGE_TYPE.STEP1 size [B]": 219,
  "step3 time [s]": 0.0007100105285644531,
  "MESSAGE_TYPE.STEP3 size [B]": 2343,
  "overall time": 4.917268991470337
}