{
  "step1 time [s]": 0.10544276237487793,
  "MESSAGE_TYPE.STEP1 size [B]": 217,
  "step3 time [s]": 5.4836273193359375e-05,
  "MESSAGE_TYPE.STEP3 size [B]": 663,
  "overall time": 0.1989738941192627
}