{
  "step1 time [s]": 0.19658398628234863,
  "MESSAGE_TYPE.STEP1 size [B]": 217,
  "step3 time [s]": 0.12128996849060059,
  "MESSAGE_TYPE.STEP3 size [B]": 662,
  "overall time": 0.5845870971679688
}