{
  "step1 time [s]": 0.10763287544250488,
  "MESSAGE_TYPE.STEP1 size [B]": 218,
  "step3 time [s]": 5.602836608886719e-05,
  "MESSAGE_TYPE.STEP3 size [B]": 660,
  "overall time": 0.1733102798461914
}