{
  "step1 time [s]": 0.6740179061889648,
  "MESSAGE_TYPE.STEP1 size [B]": 217,
  "step3 time [s]": 0.00020503997802734375,
  "MESSAGE_TYPE.STEP3 size [B]": 1223,
  "overall time": 1.2232789993286133
}