{
  "step1 time [s]": 0.17995023727416992,
  "MESSAGE_TYPE.STEP1 size [B]": 221,
  "step3 time [s]": 0.06854486465454102,
  "MESSAGE_TYPE.STEP3 size [B]": 673,
  "overall time": 0.40059995651245117
}