{
  "step1 time [s]": 2.8711659908294678,
  "MESSAGE_TYPE.STEP1 size [B]": 218,
  "step3 time [s]": 0.00080108642578125,
  "MESSAGE_TYPE.STEP3 size [B]": 2343,
  "overall time": 5.0244340896606445
}