{
  "step1 time [s]": 0.4754757881164551,
  "MESSAGE_TYPE.STEP1 size [B]": 216,
  "step3 time [s]": 0.00018906593322753906,
  "MESSAGE_TYPE.STEP3 size [B]": 2344,
  "overall time": 0.8249478340148926
}