{
  "step1 time [s]": 0.2577400207519531,
  "MESSAGE_TYPE.STEP1 size [B]": 219,
  "step3 time [s]": 0.00012493133544921875,
  "MESSAGE_TYPE.STEP3 size [B]": 1227,
  "overall time": 0.4591381549835205
}