{
  "step1 time [s]": 0.21000981330871582,
  "MESSAGE_TYPE.STEP1 size [B]": 219,
  "step3 time [s]": 0.06746196746826172,
  "MESSAGE_TYPE.STEP3 size [B]": 671,
  "overall time": 0.4133720397949219
}