{
  "step1 time [s]": 0.131882905960083,
  "MESSAGE_TYPE.STEP1 size [B]": 218,
  "step3 time [s]": 0.013880014419555664,
  "MESSAGE_TYPE.STEP3 size [B]": 661,
  "overall time": 0.2508530616760254
}