{
  "step1 time [s]": 0.23280882835388184,
  "MESSAGE_TYPE.STEP1 size [B]": 217,
  "step3 time [s]": 0.0897667407989502,
  "MESSAGE_TYPE.STEP3 size [B]": 662,
  "overall time": 0.48841190338134766
}