{
  "step1 time [s]": 0.10429501533508301,
  "MESSAGE_TYPE.STEP1 size [B]": 219,
  "step3 time [s]": 0.016402006149291992,
  "MESSAGE_TYPE.STEP3 size [B]": 670,
  "overall time": 0.22776007652282715
}