{
  "step1 time [s]": 3.5216000080108643,
  "MESSAGE_TYPE.STEP1 size [B]": 219,
  "step3 time [s]": 0.0010418891906738281,
  "MESSAGE_TYPE.STEP3 size [B]": 2366,
  "overall time": 3.578886032104492
}