{
  "step1 time [s]": 0.18483805656433105,
  "MESSAGE_TYPE.STEP1 size [B]": 218,
  "step3 time [s]": 0.08930301666259766,
  "MESSAGE_TYPE.STEP3 size [B]": 674,
  "overall time": 0.43068528175354004
}