{
  "step1 time [s]": 0.80035400390625,
  "MESSAGE_TYPE.STEP1 size [B]": 218,
  "step3 time [s]": 0.000270843505859375,
  "MESSAGE_TYPE.STEP3 size [B]": 2335,
  "overall time": 1.4611940383911133
}