{
  "step1 time [s]": 0.20692992210388184,
  "MESSAGE_TYPE.STEP1 size [B]": 219,
  "step3 time [s]": 0.044448137283325195,
  "MESSAGE_TYPE.STEP3 size [B]": 669,
  "overall time": 0.4457857608795166
}