{
  "step1 time [s]": 0.21889710426330566,
  "MESSAGE_TYPE.STEP1 size [B]": 218,
  "step3 time [s]": 9.799003601074219e-05,
  "MESSAGE_TYPE.STEP3 size [B]": 1215,
  "overall time": 0.39587998390197754
}