{
  "step1 time [s]": 1.6467969417572021,
  "MESSAGE_TYPE.STEP1 size [B]": 218,
  "step3 time [s]": 0.0011229515075683594,
  "MESSAGE_TYPE.STEP3 size [B]": 22522,
  "overall time": 2.830536127090454
}