{
  "step1 time [s]": 0.8863937854766846,
  "MESSAGE_TYPE.STEP1 size [B]": 219,
  "step3 time [s]": 0.0002238750457763672,
  "MESSAGE_TYPE.STEP3 size [B]": 1216,
  "overall time": 1.579766035079956
}