{
  "step1 time [s]": 0.6299850940704346,
  "MESSAGE_TYPE.STEP1 size [B]": 218,
  "step3 time [s]": 0.00022292137145996094,
  "MESSAGE_TYPE.STEP3 size [B]": 2351,
  "overall time": 1.1316819190979004
}