{
  "step1 time [s]": 0.6564443111419678,
  "MESSAGE_TYPE.STEP1 size [B]": 220,
  "step3 time [s]": 0.00018525123596191406,
  "MESSAGE_TYPE.STEP3 size [B]": 1236,
  "overall time": 1.1320641040802002
}