{
  "step1 time [s]": 0.20854663848876953,
  "MESSAGE_TYPE.STEP1 size [B]": 217,
  "step3 time [s]": 0.06344890594482422,
  "MESSAGE_TYPE.STEP3 size [B]": 666,
  "overall time": 0.4241321086883545
}