{
  "step1 time [s]": 4.122633934020996,
  "MESSAGE_TYPE.STEP1 size [B]": 220,
  "step3 time [s]": 0.001065969467163086,
  "MESSAGE_TYPE.STEP3 size [B]": 4599,
  "overall time": 7.62625789642334
}