{
  "step1 time [s]": 0.26018786430358887,
  "MESSAGE_TYPE.STEP1 size [B]": 217,
  "step3 time [s]": 0.16083407402038574,
  "MESSAGE_TYPE.STEP3 size [B]": 659,
  "overall time": 0.5794899463653564
}