{
  "step1 time [s]": 0.1346890926361084,
  "MESSAGE_TYPE.STEP1 size [B]": 218,
  "step3 time [s]": 7.796287536621094e-05,
  "MESSAGE_TYPE.STEP3 size [B]": 671,
  "overall time": 0.22713398933410645
}