{
  "step1 time [s]": 0.0923311710357666,
  "MESSAGE_TYPE.STEP1 size [B]": 218,
  "step3 time [s]": 5.507469177246094e-05,
  "MESSAGE_TYPE.STEP3 size [B]": 667,
  "overall time": 0.16457581520080566
}