{
  "step1 time [s]": 6.284528732299805,
  "MESSAGE_TYPE.STEP1 size [B]": 220,
  "step3 time [s]": 0.0036690235137939453,
  "MESSAGE_TYPE.STEP3 size [B]": 22604,
  "overall time": 11.642932891845703
}