{
  "step1 time [s]": 0.1488649845123291,
  "MESSAGE_TYPE.STEP1 size [B]": 219,
  "step3 time [s]": 0.029079198837280273,
  "MESSAGE_TYPE.STEP3 size [B]": 669,
  "overall time": 0.30396223068237305
}