{
  "step1 time [s]": 2.6462697982788086,
  "MESSAGE_TYPE.STEP1 size [B]": 219,
  "step3 time [s]": 0.0009000301361083984,
  "MESSAGE_TYPE.STEP3 size [B]": 2352,
  "overall time": 4.698769807815552
}