{
  "step1 time [s]": 3.0110321044921875,
  "MESSAGE_TYPE.STEP1 size [B]": 217,
  "step3 time [s]": 0.0007100105285644531,
  "MESSAGE_TYPE.STEP3 size [B]": 2340,
  "overall time": 5.671035051345825
}