{
  "step1 time [s]": 0.5355238914489746,
  "MESSAGE_TYPE.STEP1 size [B]": 220,
  "step3 time [s]": 0.00020194053649902344,
  "MESSAGE_TYPE.STEP3 size [B]": 2344,
  "overall time": 0.9405560493469238
}