{
  "step1 time [s]": 0.6447627544403076,
  "MESSAGE_TYPE.STEP1 size [B]": 218,
  "step3 time [s]": 0.00018405914306640625,
  "MESSAGE_TYPE.STEP3 size [B]": 2348,
  "overall time": 1.081960916519165
}