{
  "step1 time [s]": 0.4539670944213867,
  "MESSAGE_TYPE.STEP1 size [B]": 218,
  "step3 time [s]": 0.00018787384033203125,
  "MESSAGE_TYPE.STEP3 size [B]": 2359,
  "overall time": 0.8117020130157471
}