{
  "step1 time [s]": 0.07675600051879883,
  "MESSAGE_TYPE.STEP1 size [B]": 219,
  "step3 time [s]": 5.4836273193359375e-05,
  "MESSAGE_TYPE.STEP3 size [B]": 669,
  "overall time": 0.14399313926696777
}