{
  "step1 time [s]": 31.2839298248291,
  "MESSAGE_TYPE.STEP1 size [B]": 220,
  "step3 time [s]": 0.007946968078613281,
  "MESSAGE_TYPE.STEP3 size [B]": 22529,
  "overall time": 60.24165391921997
}