{
  "step1 time [s]": 2.914968967437744,
  "MESSAGE_TYPE.STEP1 size [B]": 221,
  "step3 time [s]": 0.0008308887481689453,
  "MESSAGE_TYPE.STEP3 size [B]": 2350,
  "overall time": 5.239339113235474
}