{
  "step1 time [s]": 0.1445629596710205,
  "MESSAGE_TYPE.STEP1 size [B]": 217,
  "step3 time [s]": 0.02768683433532715,
  "MESSAGE_TYPE.STEP3 size [B]": 660,
  "overall time": 0.2828369140625
}