{
  "step1 time [s]": 0.15967202186584473,
  "MESSAGE_TYPE.STEP1 size [B]": 219,
  "step3 time [s]": 6.008148193359375e-05,
  "MESSAGE_TYPE.STEP3 size [B]": 672,
  "overall time": 0.20525097846984863
}