{
  "step1 time [s]": 2.640501022338867,
  "MESSAGE_TYPE.STEP1 size [B]": 217,
  "step3 time [s]": 0.00078582763671875,
  "MESSAGE_TYPE.STEP3 size [B]": 2308,
  "overall time": 2.687486171722412
}