{
  "step1 time [s]": 0.1829538345336914,
  "MESSAGE_TYPE.STEP1 size [B]": 220,
  "step3 time [s]": 0.03026294708251953,
  "MESSAGE_TYPE.STEP3 size [B]": 668,
  "overall time": 0.38616013526916504
}