{
  "step1 time [s]": 0.46779417991638184,
  "MESSAGE_TYPE.STEP1 size [B]": 218,
  "step3 time [s]": 0.00018405914306640625,
  "MESSAGE_TYPE.STEP3 size [B]": 2355,
  "overall time": 0.824286937713623
}