{
  "step1 time [s]": 3.314732074737549,
  "MESSAGE_TYPE.STEP1 size [B]": 218,
  "step3 time [s]": 0.0007407665252685547,
  "MESSAGE_TYPE.STEP3 size [B]": 2315,
  "overall time": 6.148286819458008
}