{
  "step1 time [s]": 2.7134368419647217,
  "MESSAGE_TYPE.STEP1 size [B]": 217,
  "step3 time [s]": 0.0008451938629150391,
  "MESSAGE_TYPE.STEP3 size [B]": 2348,
  "overall time": 4.865563869476318
}