{
  "step1 time [s]": 0.9170522689819336,
  "MESSAGE_TYPE.STEP1 size [B]": 218,
  "step3 time [s]": 0.000209808349609375,
  "MESSAGE_TYPE.STEP3 size [B]": 2331,
  "overall time": 1.460555076599121
}