{
  "step1 time [s]": 0.4680461883544922,
  "MESSAGE_TYPE.STEP1 size [B]": 218,
  "step3 time [s]": 0.0001647472381591797,
  "MESSAGE_TYPE.STEP3 size [B]": 1231,
  "overall time": 0.8298318386077881
}