{
  "step1 time [s]": 0.20421195030212402,
  "MESSAGE_TYPE.STEP1 size [B]": 218,
  "step3 time [s]": 0.14925098419189453,
  "MESSAGE_TYPE.STEP3 size [B]": 668,
  "overall time": 0.5619659423828125
}