{
  "step1 time [s]": 0.5542340278625488,
  "MESSAGE_TYPE.STEP1 size [B]": 219,
  "step3 time [s]": 0.00019025802612304688,
  "MESSAGE_TYPE.STEP3 size [B]": 1221,
  "overall time": 0.9981200695037842
}