{
  "step1 time [s]": 0.48537492752075195,
  "MESSAGE_TYPE.STEP1 size [B]": 219,
  "step3 time [s]": 0.00019216537475585938,
  "MESSAGE_TYPE.STEP3 size [B]": 2343,
  "overall time": 0.8331949710845947
}