{
  "step1 time [s]": 0.10350918769836426,
  "MESSAGE_TYPE.STEP1 size [B]": 218,
  "step3 time [s]": 5.1975250244140625e-05,
  "MESSAGE_TYPE.STEP3 size [B]": 664,
  "overall time": 0.19898200035095215
}