{
  "step1 time [s]": 1.132716178894043,
  "MESSAGE_TYPE.STEP1 size [B]": 219,
  "step3 time [s]": 0.00021195411682128906,
  "MESSAGE_TYPE.STEP3 size [B]": 1220,
  "overall time": 1.7766482830047607
}