{
  "step1 time [s]": 0.2399921417236328,
  "MESSAGE_TYPE.STEP1 size [B]": 220,
  "step3 time [s]": 0.00011801719665527344,
  "MESSAGE_TYPE.STEP3 size [B]": 1219,
  "overall time": 0.4156181812286377
}