{
  "step1 time [s]": 5.092792749404907,
  "MESSAGE_TYPE.STEP1 size [B]": 217,
  "step3 time [s]": 0.0029401779174804688,
  "MESSAGE_TYPE.STEP3 size [B]": 22148,
  "overall time": 9.022198915481567
}