{
  "step1 time [s]": 0.5181341171264648,
  "MESSAGE_TYPE.STEP1 size [B]": 218,
  "step3 time [s]": 0.00018215179443359375,
  "MESSAGE_TYPE.STEP3 size [B]": 2320,
  "overall time": 0.903933048248291
}