{
  "step1 time [s]": 0.1399369239807129,
  "MESSAGE_TYPE.STEP1 size [B]": 220,
  "step3 time [s]": 0.046675920486450195,
  "MESSAGE_TYPE.STEP3 size [B]": 676,
  "overall time": 0.32409000396728516
}