{
  "step1 time [s]": 0.3102259635925293,
  "MESSAGE_TYPE.STEP1 size [B]": 218,
  "step3 time [s]": 0.00021004676818847656,
  "MESSAGE_TYPE.STEP3 size [B]": 1225,
  "overall time": 0.5875298976898193
}