{
  "step1 time [s]": 0.2597360610961914,
  "MESSAGE_TYPE.STEP1 size [B]": 220,
  "step3 time [s]": 0.00010204315185546875,
  "MESSAGE_TYPE.STEP3 size [B]": 1221,
  "overall time": 0.4562561511993408
}