{
  "step1 time [s]": 0.18596816062927246,
  "MESSAGE_TYPE.STEP1 size [B]": 219,
  "step3 time [s]": 0.026414871215820312,
  "MESSAGE_TYPE.STEP3 size [B]": 666,
  "overall time": 0.346189022064209
}