{
  "step1 time [s]": 0.4797070026397705,
  "MESSAGE_TYPE.STEP1 size [B]": 217,
  "step3 time [s]": 0.001065969467163086,
  "MESSAGE_TYPE.STEP3 size [B]": 2310,
  "overall time": 0.8402411937713623
}