{
  "step1 time [s]": 0.532041072845459,
  "MESSAGE_TYPE.STEP1 size [B]": 220,
  "step3 time [s]": 0.00016117095947265625,
  "MESSAGE_TYPE.STEP3 size [B]": 1239,
  "overall time": 0.9449219703674316
}