{
  "step1 time [s]": 0.27413105964660645,
  "MESSAGE_TYPE.STEP1 size [B]": 219,
  "step3 time [s]": 0.00014090538024902344,
  "MESSAGE_TYPE.STEP3 size [B]": 1220,
  "overall time": 0.47745776176452637
}