{
  "step1 time [s]": 0.6416299343109131,
  "MESSAGE_TYPE.STEP1 size [B]": 219,
  "step3 time [s]": 0.00020384788513183594,
  "MESSAGE_TYPE.STEP3 size [B]": 1228,
  "overall time": 1.1584532260894775
}