{
  "step1 time [s]": 2.7009646892547607,
  "MESSAGE_TYPE.STEP1 size [B]": 218,
  "step3 time [s]": 0.0008420944213867188,
  "MESSAGE_TYPE.STEP3 size [B]": 2328,
  "overall time": 4.789870023727417
}