{
  "step1 time [s]": 0.12382674217224121,
  "MESSAGE_TYPE.STEP1 size [B]": 220,
  "step3 time [s]": 8.893013000488281e-05,
  "MESSAGE_TYPE.STEP3 size [B]": 668,
  "overall time": 0.2019052505493164
}