{
  "step1 time [s]": 2.813062906265259,
  "MESSAGE_TYPE.STEP1 size [B]": 217,
  "step3 time [s]": 0.0007550716400146484,
  "MESSAGE_TYPE.STEP3 size [B]": 2334,
  "overall time": 5.114776849746704
}