{
  "step1 time [s]": 0.49628305435180664,
  "MESSAGE_TYPE.STEP1 size [B]": 219,
  "step3 time [s]": 0.00019598007202148438,
  "MESSAGE_TYPE.STEP3 size [B]": 2322,
  "overall time": 0.8687038421630859
}