{
  "step1 time [s]": 0.19451642036437988,
  "MESSAGE_TYPE.STEP1 size [B]": 219,
  "step3 time [s]": 0.1361372470855713,
  "MESSAGE_TYPE.STEP3 size [B]": 670,
  "overall time": 0.48648977279663086
}