{
  "step1 time [s]": 2.5983798503875732,
  "MESSAGE_TYPE.STEP1 size [B]": 218,
  "step3 time [s]": 0.0007581710815429688,
  "MESSAGE_TYPE.STEP3 size [B]": 2347,
  "overall time": 4.691067934036255
}