{
  "step1 time [s]": 0.49375200271606445,
  "MESSAGE_TYPE.STEP1 size [B]": 218,
  "step3 time [s]": 0.00026297569274902344,
  "MESSAGE_TYPE.STEP3 size [B]": 2348,
  "overall time": 0.8898661136627197
}