{
  "step1 time [s]": 0.4857749938964844,
  "MESSAGE_TYPE.STEP1 size [B]": 217,
  "step3 time [s]": 0.0002548694610595703,
  "MESSAGE_TYPE.STEP3 size [B]": 2324,
  "overall time": 0.8787891864776611
}