{
  "step1 time [s]": 0.11066985130310059,
  "MESSAGE_TYPE.STEP1 size [B]": 217,
  "step3 time [s]": 0.035697221755981445,
  "MESSAGE_TYPE.STEP3 size [B]": 663,
  "overall time": 0.28082919120788574
}