{
  "step1 time [s]": 0.08328080177307129,
  "MESSAGE_TYPE.STEP1 size [B]": 221,
  "step3 time [s]": 5.0067901611328125e-05,
  "MESSAGE_TYPE.STEP3 size [B]": 673,
  "overall time": 0.17190790176391602
}