{
  "step1 time [s]": 0.8154890537261963,
  "MESSAGE_TYPE.STEP1 size [B]": 220,
  "step3 time [s]": 0.0002849102020263672,
  "MESSAGE_TYPE.STEP3 size [B]": 2352,
  "overall time": 1.4865310192108154
}