{
  "step1 time [s]": 2.655463218688965,
  "MESSAGE_TYPE.STEP1 size [B]": 218,
  "step3 time [s]": 0.0007531642913818359,
  "MESSAGE_TYPE.STEP3 size [B]": 2315,
  "overall time": 4.783853769302368
}