{
  "step1 time [s]": 0.20766305923461914,
  "MESSAGE_TYPE.STEP1 size [B]": 216,
  "step3 time [s]": 0.035099029541015625,
  "MESSAGE_TYPE.STEP3 size [B]": 659,
  "overall time": 0.3670661449432373
}