{
  "step1 time [s]": 0.6133880615234375,
  "MESSAGE_TYPE.STEP1 size [B]": 218,
  "step3 time [s]": 0.0004031658172607422,
  "MESSAGE_TYPE.STEP3 size [B]": 1222,
  "overall time": 1.1634252071380615
}