{
  "step1 time [s]": 2.890716791152954,
  "MESSAGE_TYPE.STEP1 size [B]": 218,
  "step3 time [s]": 0.000720977783203125,
  "MESSAGE_TYPE.STEP3 size [B]": 2340,
  "overall time": 5.268255949020386
}