{
  "step1 time [s]": 0.4930541515350342,
  "MESSAGE_TYPE.STEP1 size [B]": 217,
  "step3 time [s]": 0.0001900196075439453,
  "MESSAGE_TYPE.STEP3 size [B]": 2340,
  "overall time": 0.8610661029815674
}