{
  "step1 time [s]": 0.09222412109375,
  "MESSAGE_TYPE.STEP1 size [B]": 217,
  "step3 time [s]": 0.009838104248046875,
  "MESSAGE_TYPE.STEP3 size [B]": 662,
  "overall time": 0.16669797897338867
}