{
  "step1 time [s]": 1.1178529262542725,
  "MESSAGE_TYPE.STEP1 size [B]": 218,
  "step3 time [s]": 0.00027871131896972656,
  "MESSAGE_TYPE.STEP3 size [B]": 2337,
  "overall time": 1.9386169910430908
}