{
  "step1 time [s]": 2.9463090896606445,
  "MESSAGE_TYPE.STEP1 size [B]": 218,
  "step3 time [s]": 0.0007140636444091797,
  "MESSAGE_TYPE.STEP3 size [B]": 2357,
  "overall time": 6.126219987869263
}