{
  "step1 time [s]": 2.7032949924468994,
  "MESSAGE_TYPE.STEP1 size [B]": 217,
  "step3 time [s]": 0.0007851123809814453,
  "MESSAGE_TYPE.STEP3 size [B]": 2322,
  "overall time": 4.813713073730469
}