{
  "step1 time [s]": 0.1105191707611084,
  "MESSAGE_TYPE.STEP1 size [B]": 220,
  "step3 time [s]": 0.04342198371887207,
  "MESSAGE_TYPE.STEP3 size [B]": 671,
  "overall time": 0.23670411109924316
}