{
  "step1 time [s]": 0.1376819610595703,
  "MESSAGE_TYPE.STEP1 size [B]": 217,
  "step3 time [s]": 0.01624894142150879,
  "MESSAGE_TYPE.STEP3 size [B]": 658,
  "overall time": 0.324631929397583
}