{
  "step1 time [s]": 0.15653204917907715,
  "MESSAGE_TYPE.STEP1 size [B]": 219,
  "step3 time [s]": 0.043460845947265625,
  "MESSAGE_TYPE.STEP3 size [B]": 670,
  "overall time": 0.3518517017364502
}