{
  "step1 time [s]": 0.48528099060058594,
  "MESSAGE_TYPE.STEP1 size [B]": 220,
  "step3 time [s]": 0.0002560615539550781,
  "MESSAGE_TYPE.STEP3 size [B]": 2346,
  "overall time": 0.8365640640258789
}