{
  "step1 time [s]": 0.2581470012664795,
  "MESSAGE_TYPE.STEP1 size [B]": 219,
  "step3 time [s]": 0.00012493133544921875,
  "MESSAGE_TYPE.STEP3 size [B]": 1230,
  "overall time": 0.4570789337158203
}