{
  "step1 time [s]": 0.4817478656768799,
  "MESSAGE_TYPE.STEP1 size [B]": 217,
  "step3 time [s]": 0.0002002716064453125,
  "MESSAGE_TYPE.STEP3 size [B]": 2343,
  "overall time": 0.8844189643859863
}