{
  "step1 time [s]": 2.9708049297332764,
  "MESSAGE_TYPE.STEP1 size [B]": 218,
  "step3 time [s]": 0.0007810592651367188,
  "MESSAGE_TYPE.STEP3 size [B]": 2336,
  "overall time": 5.340444087982178
}