{
  "step1 time [s]": 0.7623391151428223,
  "MESSAGE_TYPE.STEP1 size [B]": 219,
  "step3 time [s]": 0.0006139278411865234,
  "MESSAGE_TYPE.STEP3 size [B]": 2329,
  "overall time": 1.3957910537719727
}