{
  "step1 time [s]": 0.5777230262756348,
  "MESSAGE_TYPE.STEP1 size [B]": 220,
  "step3 time [s]": 0.00019359588623046875,
  "MESSAGE_TYPE.STEP3 size [B]": 1228,
  "overall time": 1.0483098030090332
}