{
  "step1 time [s]": 1.0566251277923584,
  "MESSAGE_TYPE.STEP1 size [B]": 219,
  "step3 time [s]": 0.00038504600524902344,
  "MESSAGE_TYPE.STEP3 size [B]": 4593,
  "overall time": 1.896841287612915
}