{
  "step1 time [s]": 0.08585286140441895,
  "MESSAGE_TYPE.STEP1 size [B]": 220,
  "step3 time [s]": 8.296966552734375e-05,
  "MESSAGE_TYPE.STEP3 size [B]": 1225,
  "overall time": 0.1794300079345703
}