{
  "step1 time [s]": 0.09320402145385742,
  "MESSAGE_TYPE.STEP1 size [B]": 219,
  "step3 time [s]": 0.00013589859008789062,
  "MESSAGE_TYPE.STEP3 size [B]": 672,
  "overall time": 0.25163698196411133
}