{
  "step1 time [s]": 0.6173989772796631,
  "MESSAGE_TYPE.STEP1 size [B]": 218,
  "step3 time [s]": 0.000209808349609375,
  "MESSAGE_TYPE.STEP3 size [B]": 2357,
  "overall time": 1.1897187232971191
}