{
  "step1 time [s]": 2.57234525680542,
  "MESSAGE_TYPE.STEP1 size [B]": 219,
  "step3 time [s]": 0.00061798095703125,
  "MESSAGE_TYPE.STEP3 size [B]": 2359,
  "overall time": 4.765840768814087
}