{
  "step1 time [s]": 0.4949607849121094,
  "MESSAGE_TYPE.STEP1 size [B]": 218,
  "step3 time [s]": 0.0006270408630371094,
  "MESSAGE_TYPE.STEP3 size [B]": 2342,
  "overall time": 0.8659398555755615
}