{
  "step1 time [s]": 0.5088191032409668,
  "MESSAGE_TYPE.STEP1 size [B]": 217,
  "step3 time [s]": 0.00018310546875,
  "MESSAGE_TYPE.STEP3 size [B]": 2315,
  "overall time": 0.8783698081970215
}