{
  "step1 time [s]": 0.0795447826385498,
  "MESSAGE_TYPE.STEP1 size [B]": 218,
  "step3 time [s]": 6.699562072753906e-05,
  "MESSAGE_TYPE.STEP3 size [B]": 1218,
  "overall time": 0.15022897720336914
}