{
  "step1 time [s]": 0.09417390823364258,
  "MESSAGE_TYPE.STEP1 size [B]": 219,
  "step3 time [s]": 5.2928924560546875e-05,
  "MESSAGE_TYPE.STEP3 size [B]": 671,
  "overall time": 0.16922807693481445
}