{
  "step1 time [s]": 0.18141484260559082,
  "MESSAGE_TYPE.STEP1 size [B]": 219,
  "step3 time [s]": 0.18321895599365234,
  "MESSAGE_TYPE.STEP3 size [B]": 670,
  "overall time": 0.4899470806121826
}