{
  "step1 time [s]": 0.5350122451782227,
  "MESSAGE_TYPE.STEP1 size [B]": 219,
  "step3 time [s]": 0.0001881122589111328,
  "MESSAGE_TYPE.STEP3 size [B]": 2319,
  "overall time": 0.9411478042602539
}