{
  "step1 time [s]": 0.2533881664276123,
  "MESSAGE_TYPE.STEP1 size [B]": 218,
  "step3 time [s]": 0.00014591217041015625,
  "MESSAGE_TYPE.STEP3 size [B]": 1231,
  "overall time": 0.4551060199737549
}