{
  "step1 time [s]": 2.551846981048584,
  "MESSAGE_TYPE.STEP1 size [B]": 218,
  "step3 time [s]": 0.0007488727569580078,
  "MESSAGE_TYPE.STEP3 size [B]": 2357,
  "overall time": 4.622725963592529
}