{
  "step1 time [s]": 23.985809326171875,
  "MESSAGE_TYPE.STEP1 size [B]": 219,
  "step3 time [s]": 0.0049610137939453125,
  "MESSAGE_TYPE.STEP3 size [B]": 5691,
  "overall time": 45.29525709152222
}