{
  "setup time [s]": 0.020149946212768555,
  "MESSAGE_TYPE.START size [B]": 52,
  "step2 time [s]": 0.0031549930572509766,
  "MESSAGE_TYPE.STEP2 size [B]": 63401,
  "step4 time [s]": 0.7921440601348877,
  "MESSAGE_TYPE.STEP4 size [B]": 120028,
  "overall time": 1.9385180473327637
}