{
  "setup time [s]": 0.03753328323364258,
  "MESSAGE_TYPE.START size [B]": 52,
  "step2 time [s]": 0.0018558502197265625,
  "MESSAGE_TYPE.STEP2 size [B]": 7053,
  "step4 time [s]": 0.15897130966186523,
  "MESSAGE_TYPE.STEP4 size [B]": 12343,
  "overall time": 0.5987472534179688
}