{
  "setup time [s]": 0.02245807647705078,
  "MESSAGE_TYPE.START size [B]": 52,
  "step2 time [s]": 0.0022509098052978516,
  "MESSAGE_TYPE.STEP2 size [B]": 7174,
  "step4 time [s]": 0.11992883682250977,
  "MESSAGE_TYPE.STEP4 size [B]": 12532,
  "overall time": 0.3955833911895752
}