{
  "setup time [s]": 0.009994029998779297,
  "MESSAGE_TYPE.START size [B]": 52,
  "step2 time [s]": 0.0041370391845703125,
  "MESSAGE_TYPE.STEP2 size [B]": 231856,
  "step4 time [s]": 2.1914119720458984,
  "MESSAGE_TYPE.STEP4 size [B]": 456719,
  "overall time": 5.101619005203247
}