{
  "setup time [s]": 0.005185127258300781,
  "MESSAGE_TYPE.START size [B]": 52,
  "step2 time [s]": 0.0011599063873291016,
  "MESSAGE_TYPE.STEP2 size [B]": 7052,
  "step4 time [s]": 0.0564732551574707,
  "MESSAGE_TYPE.STEP4 size [B]": 12345,
  "overall time": 0.16650390625
}