{
  "setup time [s]": 0.03690600395202637,
  "MESSAGE_TYPE.START size [B]": 52,
  "step2 time [s]": 0.0026450157165527344,
  "MESSAGE_TYPE.STEP2 size [B]": 41014,
  "step4 time [s]": 0.33521413803100586,
  "MESSAGE_TYPE.STEP4 size [B]": 75135,
  "overall time": 0.8353772163391113
}