{
  "setup time [s]": 0.004804849624633789,
  "MESSAGE_TYPE.START size [B]": 52,
  "step2 time [s]": 0.004064083099365234,
  "MESSAGE_TYPE.STEP2 size [B]": 232036,
  "step4 time [s]": 2.0591320991516113,
  "MESSAGE_TYPE.STEP4 size [B]": 457422,
  "overall time": 4.698009014129639
}