{
  "setup time [s]": 0.015304803848266602,
  "MESSAGE_TYPE.START size [B]": 52,
  "step2 time [s]": 0.002079010009765625,
  "MESSAGE_TYPE.STEP2 size [B]": 7114,
  "step4 time [s]": 0.10812497138977051,
  "MESSAGE_TYPE.STEP4 size [B]": 12432,
  "overall time": 0.33756113052368164
}