{
  "setup time [s]": 0.010158777236938477,
  "MESSAGE_TYPE.START size [B]": 52,
  "step2 time [s]": 0.00905299186706543,
  "MESSAGE_TYPE.STEP2 size [B]": 215067,
  "step4 time [s]": 2.614750862121582,
  "MESSAGE_TYPE.STEP4 size [B]": 423415,
  "overall time": 5.671228885650635
}