{
  "setup time [s]": 0.027785062789916992,
  "MESSAGE_TYPE.START size [B]": 52,
  "step2 time [s]": 0.0024039745330810547,
  "MESSAGE_TYPE.STEP2 size [B]": 45666,
  "step4 time [s]": 0.391308069229126,
  "MESSAGE_TYPE.STEP4 size [B]": 84403,
  "overall time": 1.0013427734375
}