{
  "setup time [s]": 0.029253244400024414,
  "MESSAGE_TYPE.START size [B]": 52,
  "overall time": 0.3691709041595459
}