{
  "setup time [s]": 0.037117958068847656,
  "MESSAGE_TYPE.START size [B]": 52,
  "step2 time [s]": 0.004473209381103516,
  "MESSAGE_TYPE.STEP2 size [B]": 228924,
  "step4 time [s]": 2.2565369606018066,
  "MESSAGE_TYPE.STEP4 size [B]": 451002,
  "overall time": 5.316774845123291
}