{
  "setup time [s]": 0.010866880416870117,
  "MESSAGE_TYPE.START size [B]": 52,
  "step2 time [s]": 0.0010590553283691406,
  "MESSAGE_TYPE.STEP2 size [B]": 7728,
  "step4 time [s]": 0.09911322593688965,
  "MESSAGE_TYPE.STEP4 size [B]": 13641,
  "overall time": 0.27613115310668945
}