{
  "setup time [s]": 0.007684230804443359,
  "MESSAGE_TYPE.START size [B]": 52,
  "step2 time [s]": 0.002663135528564453,
  "MESSAGE_TYPE.STEP2 size [B]": 38527,
  "step4 time [s]": 0.38279032707214355,
  "MESSAGE_TYPE.STEP4 size [B]": 73634,
  "overall time": 0.9313490390777588
}