{
  "setup time [s]": 0.0037508010864257812,
  "MESSAGE_TYPE.START size [B]": 52,
  "step2 time [s]": 0.0022928714752197266,
  "MESSAGE_TYPE.STEP2 size [B]": 45683,
  "step4 time [s]": 0.33831000328063965,
  "MESSAGE_TYPE.STEP4 size [B]": 84504,
  "overall time": 0.8330371379852295
}