{
  "setup time [s]": 0.004377841949462891,
  "MESSAGE_TYPE.START size [B]": 52,
  "step2 time [s]": 0.0010879039764404297,
  "MESSAGE_TYPE.STEP2 size [B]": 7037,
  "step4 time [s]": 0.05877375602722168,
  "MESSAGE_TYPE.STEP4 size [B]": 12313,
  "overall time": 0.17320680618286133
}