{
  "setup time [s]": 0.006990194320678711,
  "MESSAGE_TYPE.START size [B]": 52,
  "step2 time [s]": 0.0037729740142822266,
  "MESSAGE_TYPE.STEP2 size [B]": 48154,
  "step4 time [s]": 0.5237491130828857,
  "MESSAGE_TYPE.STEP4 size [B]": 92843,
  "overall time": 1.1300349235534668
}