{
  "setup time [s]": 0.00797414779663086,
  "MESSAGE_TYPE.START size [B]": 52,
  "step2 time [s]": 0.0027320384979248047,
  "MESSAGE_TYPE.STEP2 size [B]": 40797,
  "step4 time [s]": 0.3432488441467285,
  "MESSAGE_TYPE.STEP4 size [B]": 74748,
  "overall time": 0.8510899543762207
}