{
  "setup time [s]": 0.025931119918823242,
  "MESSAGE_TYPE.START size [B]": 52,
  "step2 time [s]": 0.004997730255126953,
  "MESSAGE_TYPE.STEP2 size [B]": 231627,
  "step4 time [s]": 2.1445181369781494,
  "MESSAGE_TYPE.STEP4 size [B]": 456300,
  "overall time": 5.175191164016724
}