{
  "setup time [s]": 0.011751890182495117,
  "MESSAGE_TYPE.START size [B]": 52,
  "step2 time [s]": 0.002814054489135742,
  "MESSAGE_TYPE.STEP2 size [B]": 41158,
  "step4 time [s]": 0.35761404037475586,
  "MESSAGE_TYPE.STEP4 size [B]": 75427,
  "overall time": 0.8536942005157471
}