{
  "setup time [s]": 0.010823726654052734,
  "MESSAGE_TYPE.START size [B]": 52,
  "step2 time [s]": 0.004045963287353516,
  "MESSAGE_TYPE.STEP2 size [B]": 230117,
  "step4 time [s]": 2.187673807144165,
  "MESSAGE_TYPE.STEP4 size [B]": 453288,
  "overall time": 5.035867691040039
}