{
  "setup time [s]": 0.00428009033203125,
  "MESSAGE_TYPE.START size [B]": 52,
  "step2 time [s]": 0.002535104751586914,
  "MESSAGE_TYPE.STEP2 size [B]": 49856,
  "step4 time [s]": 0.4952731132507324,
  "MESSAGE_TYPE.STEP4 size [B]": 92857,
  "overall time": 1.1457607746124268
}