{
  "setup time [s]": 0.016614913940429688,
  "MESSAGE_TYPE.START size [B]": 52,
  "step2 time [s]": 0.0041658878326416016,
  "MESSAGE_TYPE.STEP2 size [B]": 230855,
  "step4 time [s]": 2.042065143585205,
  "MESSAGE_TYPE.STEP4 size [B]": 454843,
  "overall time": 4.691223859786987
}