{
  "setup time [s]": 0.0667569637298584,
  "MESSAGE_TYPE.START size [B]": 52,
  "step2 time [s]": 0.0031270980834960938,
  "MESSAGE_TYPE.STEP2 size [B]": 51159,
  "step4 time [s]": 0.5854659080505371,
  "MESSAGE_TYPE.STEP4 size [B]": 98838,
  "overall time": 1.3598518371582031
}