{
  "setup time [s]": 0.004256010055541992,
  "MESSAGE_TYPE.START size [B]": 52,
  "step2 time [s]": 0.0027930736541748047,
  "MESSAGE_TYPE.STEP2 size [B]": 52104,
  "step4 time [s]": 0.5327339172363281,
  "MESSAGE_TYPE.STEP4 size [B]": 97464,
  "overall time": 1.4604790210723877
}