{
  "setup time [s]": 0.006745815277099609,
  "MESSAGE_TYPE.START size [B]": 52,
  "step2 time [s]": 0.008701801300048828,
  "MESSAGE_TYPE.STEP2 size [B]": 202612,
  "step4 time [s]": 2.4227049350738525,
  "MESSAGE_TYPE.STEP4 size [B]": 398383,
  "overall time": 5.388499021530151
}