{
  "setup time [s]": 0.010386943817138672,
  "MESSAGE_TYPE.START size [B]": 52,
  "step2 time [s]": 0.0015189647674560547,
  "MESSAGE_TYPE.STEP2 size [B]": 7093,
  "step4 time [s]": 0.11189675331115723,
  "MESSAGE_TYPE.STEP4 size [B]": 12411,
  "overall time": 0.31478309631347656
}