{
  "setup time [s]": 0.003882169723510742,
  "MESSAGE_TYPE.START size [B]": 52,
  "step2 time [s]": 0.004673957824707031,
  "MESSAGE_TYPE.STEP2 size [B]": 44568,
  "step4 time [s]": 0.45289111137390137,
  "MESSAGE_TYPE.STEP4 size [B]": 85633,
  "overall time": 1.0663130283355713
}