{
  "setup time [s]": 0.009373188018798828,
  "MESSAGE_TYPE.START size [B]": 52,
  "step2 time [s]": 0.003816366195678711,
  "MESSAGE_TYPE.STEP2 size [B]": 7166,
  "step4 time [s]": 0.13626694679260254,
  "MESSAGE_TYPE.STEP4 size [B]": 12530,
  "overall time": 0.48717379570007324
}