{
  "setup time [s]": 0.043531179428100586,
  "MESSAGE_TYPE.START size [B]": 52,
  "step2 time [s]": 0.0023202896118164062,
  "MESSAGE_TYPE.STEP2 size [B]": 7150,
  "step4 time [s]": 0.10436820983886719,
  "MESSAGE_TYPE.STEP4 size [B]": 12522,
  "overall time": 0.3520998954772949
}