{
  "setup time [s]": 0.009429931640625,
  "MESSAGE_TYPE.START size [B]": 52,
  "step2 time [s]": 0.0014719963073730469,
  "MESSAGE_TYPE.STEP2 size [B]": 7084,
  "step4 time [s]": 0.08033013343811035,
  "MESSAGE_TYPE.STEP4 size [B]": 10628,
  "overall time": 0.18993091583251953
}