{
  "setup time [s]": 0.013396978378295898,
  "MESSAGE_TYPE.START size [B]": 52,
  "step2 time [s]": 0.002213716506958008,
  "MESSAGE_TYPE.STEP2 size [B]": 52065,
  "step4 time [s]": 0.4188883304595947,
  "MESSAGE_TYPE.STEP4 size [B]": 100755,
  "overall time": 1.012801170349121
}