{
  "setup time [s]": 0.009039163589477539,
  "MESSAGE_TYPE.START size [B]": 52,
  "step2 time [s]": 0.003194093704223633,
  "MESSAGE_TYPE.STEP2 size [B]": 40711,
  "step4 time [s]": 0.37025880813598633,
  "MESSAGE_TYPE.STEP4 size [B]": 74631,
  "overall time": 0.9040138721466064
}