{
  "setup time [s]": 0.02011704444885254,
  "MESSAGE_TYPE.START size [B]": 52,
  "overall time": 0.13776707649230957
}