{
  "setup time [s]": 0.007749080657958984,
  "MESSAGE_TYPE.START size [B]": 52,
  "step2 time [s]": 0.004154682159423828,
  "MESSAGE_TYPE.STEP2 size [B]": 228923,
  "step4 time [s]": 2.0736212730407715,
  "MESSAGE_TYPE.STEP4 size [B]": 450965,
  "overall time": 4.806436061859131
}