{
  "setup time [s]": 0.0038399696350097656,
  "MESSAGE_TYPE.START size [B]": 52,
  "step2 time [s]": 0.0027167797088623047,
  "MESSAGE_TYPE.STEP2 size [B]": 50047,
  "step4 time [s]": 0.539294958114624,
  "MESSAGE_TYPE.STEP4 size [B]": 96750,
  "overall time": 1.223132848739624
}