{
  "setup time [s]": 0.027853012084960938,
  "MESSAGE_TYPE.START size [B]": 52,
  "step2 time [s]": 0.004379749298095703,
  "MESSAGE_TYPE.STEP2 size [B]": 230231,
  "step4 time [s]": 2.215939998626709,
  "MESSAGE_TYPE.STEP4 size [B]": 453622,
  "overall time": 5.177709102630615
}