{
  "setup time [s]": 0.09126019477844238,
  "MESSAGE_TYPE.START size [B]": 52,
  "step2 time [s]": 0.0024199485778808594,
  "MESSAGE_TYPE.STEP2 size [B]": 7116,
  "step4 time [s]": 0.1412808895111084,
  "MESSAGE_TYPE.STEP4 size [B]": 12430,
  "overall time": 0.4877030849456787
}