{
  "setup time [s]": 0.021514892578125,
  "MESSAGE_TYPE.START size [B]": 52,
  "step2 time [s]": 0.0046749114990234375,
  "MESSAGE_TYPE.STEP2 size [B]": 227930,
  "step4 time [s]": 2.1940832138061523,
  "MESSAGE_TYPE.STEP4 size [B]": 449156,
  "overall time": 5.127589702606201
}