{
  "setup time [s]": 0.04989910125732422,
  "MESSAGE_TYPE.START size [B]": 52,
  "step2 time [s]": 0.0027120113372802734,
  "MESSAGE_TYPE.STEP2 size [B]": 7046,
  "step4 time [s]": 0.1346287727355957,
  "MESSAGE_TYPE.STEP4 size [B]": 12334,
  "overall time": 0.5311880111694336
}