{
  "setup time [s]": 0.018558025360107422,
  "MESSAGE_TYPE.START size [B]": 52,
  "step2 time [s]": 0.025957822799682617,
  "MESSAGE_TYPE.STEP2 size [B]": 339628,
  "step4 time [s]": 2.9002461433410645,
  "MESSAGE_TYPE.STEP4 size [B]": 594243,
  "overall time": 7.027302265167236
}