{
  "setup time [s]": 0.05324387550354004,
  "MESSAGE_TYPE.START size [B]": 52,
  "step2 time [s]": 0.001046895980834961,
  "MESSAGE_TYPE.STEP2 size [B]": 7181,
  "step4 time [s]": 0.13663792610168457,
  "MESSAGE_TYPE.STEP4 size [B]": 12529,
  "overall time": 0.4728679656982422
}