{
  "setup time [s]": 0.02863311767578125,
  "MESSAGE_TYPE.START size [B]": 52,
  "step2 time [s]": 0.0077970027923583984,
  "MESSAGE_TYPE.STEP2 size [B]": 191036,
  "step4 time [s]": 2.1378870010375977,
  "MESSAGE_TYPE.STEP4 size [B]": 375029,
  "overall time": 4.766121864318848
}