{
  "setup time [s]": 0.012247085571289062,
  "MESSAGE_TYPE.START size [B]": 52,
  "step2 time [s]": 0.0011758804321289062,
  "MESSAGE_TYPE.STEP2 size [B]": 7166,
  "step4 time [s]": 0.07285404205322266,
  "MESSAGE_TYPE.STEP4 size [B]": 12533,
  "overall time": 0.21725010871887207
}