{
  "setup time [s]": 0.0054509639739990234,
  "MESSAGE_TYPE.START size [B]": 52,
  "step2 time [s]": 0.002960681915283203,
  "MESSAGE_TYPE.STEP2 size [B]": 27203,
  "step4 time [s]": 0.2719550132751465,
  "MESSAGE_TYPE.STEP4 size [B]": 47637,
  "overall time": 0.6538727283477783
}