{
  "setup time [s]": 0.015458106994628906,
  "MESSAGE_TYPE.START size [B]": 52,
  "step2 time [s]": 0.002763032913208008,
  "MESSAGE_TYPE.STEP2 size [B]": 40999,
  "step4 time [s]": 0.3288612365722656,
  "MESSAGE_TYPE.STEP4 size [B]": 75154,
  "overall time": 0.8437440395355225
}