{
  "setup time [s]": 0.009899139404296875,
  "MESSAGE_TYPE.START size [B]": 52,
  "step2 time [s]": 0.0023889541625976562,
  "MESSAGE_TYPE.STEP2 size [B]": 7189,
  "step4 time [s]": 0.11095285415649414,
  "MESSAGE_TYPE.STEP4 size [B]": 12526,
  "overall time": 0.4951627254486084
}