{
  "setup time [s]": 0.009690284729003906,
  "MESSAGE_TYPE.START size [B]": 52,
  "step2 time [s]": 0.002794981002807617,
  "MESSAGE_TYPE.STEP2 size [B]": 65745,
  "step4 time [s]": 0.6205461025238037,
  "MESSAGE_TYPE.STEP4 size [B]": 124582,
  "overall time": 1.4894139766693115
}