{
  "setup time [s]": 0.0069010257720947266,
  "MESSAGE_TYPE.START size [B]": 52,
  "step2 time [s]": 0.003470897674560547,
  "MESSAGE_TYPE.STEP2 size [B]": 43385,
  "step4 time [s]": 0.42156219482421875,
  "MESSAGE_TYPE.STEP4 size [B]": 79894,
  "overall time": 1.0271990299224854
}