{
  "setup time [s]": 0.01611804962158203,
  "MESSAGE_TYPE.START size [B]": 52,
  "step2 time [s]": 0.0016629695892333984,
  "MESSAGE_TYPE.STEP2 size [B]": 20703,
  "step4 time [s]": 0.15560197830200195,
  "MESSAGE_TYPE.STEP4 size [B]": 37917,
  "overall time": 0.4157860279083252
}