{
  "setup time [s]": 0.04635286331176758,
  "MESSAGE_TYPE.START size [B]": 52,
  "step2 time [s]": 0.0010480880737304688,
  "MESSAGE_TYPE.STEP2 size [B]": 7133,
  "step4 time [s]": 0.12346196174621582,
  "MESSAGE_TYPE.STEP4 size [B]": 12438,
  "overall time": 0.386242151260376
}