{
  "setup time [s]": 0.0058460235595703125,
  "MESSAGE_TYPE.START size [B]": 52,
  "overall time": 191.04119491577148
}