{
  "setup time [s]": 0.024831056594848633,
  "MESSAGE_TYPE.START size [B]": 52,
  "step2 time [s]": 0.0010533332824707031,
  "MESSAGE_TYPE.STEP2 size [B]": 7087,
  "step4 time [s]": 0.06621694564819336,
  "MESSAGE_TYPE.STEP4 size [B]": 12384,
  "overall time": 0.19892287254333496
}