{
  "setup time [s]": 0.010278701782226562,
  "MESSAGE_TYPE.START size [B]": 52,
  "step2 time [s]": 0.0016300678253173828,
  "MESSAGE_TYPE.STEP2 size [B]": 7145,
  "step4 time [s]": 0.12021088600158691,
  "MESSAGE_TYPE.STEP4 size [B]": 12477,
  "overall time": 0.34612607955932617
}