{
  "setup time [s]": 0.03488492965698242,
  "MESSAGE_TYPE.START size [B]": 52,
  "step2 time [s]": 0.00257110595703125,
  "MESSAGE_TYPE.STEP2 size [B]": 7093,
  "step4 time [s]": 0.1098322868347168,
  "MESSAGE_TYPE.STEP4 size [B]": 12415,
  "overall time": 0.3909947872161865
}