{
  "setup time [s]": 0.0107269287109375,
  "MESSAGE_TYPE.START size [B]": 52,
  "step2 time [s]": 0.002089977264404297,
  "MESSAGE_TYPE.STEP2 size [B]": 41327,
  "step4 time [s]": 0.3207242488861084,
  "MESSAGE_TYPE.STEP4 size [B]": 75742,
  "overall time": 0.8195497989654541
}