{
  "setup time [s]": 0.00799417495727539,
  "MESSAGE_TYPE.START size [B]": 52,
  "step2 time [s]": 0.004189729690551758,
  "MESSAGE_TYPE.STEP2 size [B]": 54847,
  "step4 time [s]": 0.459794282913208,
  "MESSAGE_TYPE.STEP4 size [B]": 95838,
  "overall time": 1.097364902496338
}