{
  "setup time [s]": 0.00829005241394043,
  "MESSAGE_TYPE.START size [B]": 52,
  "step2 time [s]": 0.003198862075805664,
  "MESSAGE_TYPE.STEP2 size [B]": 47065,
  "step4 time [s]": 0.48825597763061523,
  "MESSAGE_TYPE.STEP4 size [B]": 90591,
  "overall time": 1.1635041236877441
}