{
  "setup time [s]": 0.04492378234863281,
  "MESSAGE_TYPE.START size [B]": 52,
  "step2 time [s]": 0.003000974655151367,
  "MESSAGE_TYPE.STEP2 size [B]": 7097,
  "step4 time [s]": 0.1392199993133545,
  "MESSAGE_TYPE.STEP4 size [B]": 12430,
  "overall time": 0.48556065559387207
}