{
  "setup time [s]": 0.009434938430786133,
  "MESSAGE_TYPE.START size [B]": 52,
  "step2 time [s]": 0.0009698867797851562,
  "MESSAGE_TYPE.STEP2 size [B]": 7157,
  "step4 time [s]": 0.06198763847351074,
  "MESSAGE_TYPE.STEP4 size [B]": 12510,
  "overall time": 0.16918396949768066
}