{
  "setup time [s]": 0.0072479248046875,
  "MESSAGE_TYPE.START size [B]": 52,
  "step2 time [s]": 0.002995014190673828,
  "MESSAGE_TYPE.STEP2 size [B]": 40853,
  "step4 time [s]": 0.36510610580444336,
  "MESSAGE_TYPE.STEP4 size [B]": 74890,
  "overall time": 0.8795731067657471
}