{
  "setup time [s]": 0.01485896110534668,
  "MESSAGE_TYPE.START size [B]": 52,
  "step2 time [s]": 0.001069784164428711,
  "MESSAGE_TYPE.STEP2 size [B]": 7160,
  "step4 time [s]": 0.13353586196899414,
  "MESSAGE_TYPE.STEP4 size [B]": 12520,
  "overall time": 0.40067386627197266
}