{
  "setup time [s]": 0.010593652725219727,
  "MESSAGE_TYPE.START size [B]": 52,
  "step2 time [s]": 0.0024118423461914062,
  "MESSAGE_TYPE.STEP2 size [B]": 7028,
  "step4 time [s]": 0.1385059356689453,
  "MESSAGE_TYPE.STEP4 size [B]": 12313,
  "overall time": 0.4334111213684082
}