{
  "setup time [s]": 0.037593841552734375,
  "MESSAGE_TYPE.START size [B]": 52,
  "step2 time [s]": 0.0010259151458740234,
  "MESSAGE_TYPE.STEP2 size [B]": 7168,
  "step4 time [s]": 0.059404850006103516,
  "MESSAGE_TYPE.STEP4 size [B]": 12506,
  "overall time": 0.18572497367858887
}