{
  "setup time [s]": 0.02855205535888672,
  "MESSAGE_TYPE.START size [B]": 52,
  "step2 time [s]": 0.0022780895233154297,
  "MESSAGE_TYPE.STEP2 size [B]": 7163,
  "step4 time [s]": 0.12817907333374023,
  "MESSAGE_TYPE.STEP4 size [B]": 12520,
  "overall time": 0.3928520679473877
}