{
  "setup time [s]": 0.004060983657836914,
  "MESSAGE_TYPE.START size [B]": 52,
  "step2 time [s]": 0.0025610923767089844,
  "MESSAGE_TYPE.STEP2 size [B]": 45337,
  "step4 time [s]": 0.449505090713501,
  "MESSAGE_TYPE.STEP4 size [B]": 83835,
  "overall time": 1.099576711654663
}