{
  "setup time [s]": 0.010835886001586914,
  "MESSAGE_TYPE.START size [B]": 52,
  "step2 time [s]": 0.0026407241821289062,
  "MESSAGE_TYPE.STEP2 size [B]": 41019,
  "step4 time [s]": 0.35144805908203125,
  "MESSAGE_TYPE.STEP4 size [B]": 75143,
  "overall time": 0.8610169887542725
}