{
  "setup time [s]": 0.0066606998443603516,
  "MESSAGE_TYPE.START size [B]": 52,
  "step2 time [s]": 0.002160310745239258,
  "MESSAGE_TYPE.STEP2 size [B]": 37907,
  "step4 time [s]": 0.350236177444458,
  "MESSAGE_TYPE.STEP4 size [B]": 72333,
  "overall time": 0.8297550678253174
}