{
  "setup time [s]": 0.00839996337890625,
  "MESSAGE_TYPE.START size [B]": 52,
  "step2 time [s]": 0.0026061534881591797,
  "MESSAGE_TYPE.STEP2 size [B]": 7148,
  "step4 time [s]": 0.12452101707458496,
  "MESSAGE_TYPE.STEP4 size [B]": 12478,
  "overall time": 0.5073690414428711
}