{
  "setup time [s]": 0.005056858062744141,
  "MESSAGE_TYPE.START size [B]": 52,
  "step2 time [s]": 0.0040361881256103516,
  "MESSAGE_TYPE.STEP2 size [B]": 49403,
  "step4 time [s]": 0.5004630088806152,
  "MESSAGE_TYPE.STEP4 size [B]": 92103,
  "overall time": 1.1582739353179932
}