{
  "setup time [s]": 0.008548974990844727,
  "MESSAGE_TYPE.START size [B]": 52,
  "step2 time [s]": 0.0027251243591308594,
  "MESSAGE_TYPE.STEP2 size [B]": 40830,
  "step4 time [s]": 0.3512270450592041,
  "MESSAGE_TYPE.STEP4 size [B]": 74831,
  "overall time": 0.8776841163635254
}