{
  "setup time [s]": 0.0064029693603515625,
  "MESSAGE_TYPE.START size [B]": 52,
  "step2 time [s]": 0.002743959426879883,
  "MESSAGE_TYPE.STEP2 size [B]": 41085,
  "step4 time [s]": 0.3353557586669922,
  "MESSAGE_TYPE.STEP4 size [B]": 75247,
  "overall time": 0.8289830684661865
}