{
  "setup time [s]": 0.020342111587524414,
  "MESSAGE_TYPE.START size [B]": 52,
  "step2 time [s]": 0.0031859874725341797,
  "MESSAGE_TYPE.STEP2 size [B]": 46768,
  "step4 time [s]": 0.6657569408416748,
  "MESSAGE_TYPE.STEP4 size [B]": 90049,
  "overall time": 1.579798936843872
}