{
  "setup time [s]": 0.0414278507232666,
  "MESSAGE_TYPE.START size [B]": 52,
  "step2 time [s]": 0.0022890567779541016,
  "MESSAGE_TYPE.STEP2 size [B]": 7114,
  "step4 time [s]": 0.10972070693969727,
  "MESSAGE_TYPE.STEP4 size [B]": 12442,
  "overall time": 0.3923819065093994
}