{
  "setup time [s]": 0.017177104949951172,
  "MESSAGE_TYPE.START size [B]": 52,
  "step2 time [s]": 0.006649971008300781,
  "MESSAGE_TYPE.STEP2 size [B]": 230277,
  "step4 time [s]": 2.160186767578125,
  "MESSAGE_TYPE.STEP4 size [B]": 453588,
  "overall time": 5.203046083450317
}