{
  "setup time [s]": 0.08218002319335938,
  "MESSAGE_TYPE.START size [B]": 52,
  "step2 time [s]": 0.004011869430541992,
  "MESSAGE_TYPE.STEP2 size [B]": 7086,
  "step4 time [s]": 0.13735389709472656,
  "MESSAGE_TYPE.STEP4 size [B]": 12391,
  "overall time": 0.5610527992248535
}