{
  "setup time [s]": 0.005562782287597656,
  "MESSAGE_TYPE.START size [B]": 52,
  "step2 time [s]": 0.0023589134216308594,
  "MESSAGE_TYPE.STEP2 size [B]": 41178,
  "step4 time [s]": 0.4195120334625244,
  "MESSAGE_TYPE.STEP4 size [B]": 75448,
  "overall time": 1.0144901275634766
}