{
  "setup time [s]": 0.055272817611694336,
  "MESSAGE_TYPE.START size [B]": 52,
  "step2 time [s]": 0.0028619766235351562,
  "MESSAGE_TYPE.STEP2 size [B]": 230134,
  "step4 time [s]": 0.001001119613647461,
  "MESSAGE_TYPE.STEP4 size [B]": 453388,
  "overall time": 2.971343994140625
}