{
  "setup time [s]": 0.01932501792907715,
  "MESSAGE_TYPE.START size [B]": 52,
  "step2 time [s]": 0.0087738037109375,
  "MESSAGE_TYPE.STEP2 size [B]": 211351,
  "step4 time [s]": 2.5164849758148193,
  "MESSAGE_TYPE.STEP4 size [B]": 415856,
  "overall time": 5.890178918838501
}