{
  "setup time [s]": 0.006553173065185547,
  "MESSAGE_TYPE.START size [B]": 52,
  "step2 time [s]": 0.003068208694458008,
  "MESSAGE_TYPE.STEP2 size [B]": 40463,
  "step4 time [s]": 0.37437009811401367,
  "MESSAGE_TYPE.STEP4 size [B]": 74222,
  "overall time": 0.90464186668396
}