{
  "setup time [s]": 0.018062114715576172,
  "MESSAGE_TYPE.START size [B]": 52,
  "step2 time [s]": 0.0023827552795410156,
  "MESSAGE_TYPE.STEP2 size [B]": 45889,
  "step4 time [s]": 0.44565296173095703,
  "MESSAGE_TYPE.STEP4 size [B]": 88292,
  "overall time": 1.1306869983673096
}