{
  "setup time [s]": 0.012455224990844727,
  "MESSAGE_TYPE.START size [B]": 52,
  "step2 time [s]": 0.003900766372680664,
  "MESSAGE_TYPE.STEP2 size [B]": 232046,
  "step4 time [s]": 2.164792060852051,
  "MESSAGE_TYPE.STEP4 size [B]": 457147,
  "overall time": 4.989887952804565
}