{
  "setup time [s]": 0.026430130004882812,
  "MESSAGE_TYPE.START size [B]": 52,
  "step2 time [s]": 0.0010762214660644531,
  "MESSAGE_TYPE.STEP2 size [B]": 8594,
  "step4 time [s]": 0.07181096076965332,
  "MESSAGE_TYPE.STEP4 size [B]": 15727,
  "overall time": 0.21895337104797363
}