{
  "setup time [s]": 0.003777027130126953,
  "MESSAGE_TYPE.START size [B]": 52,
  "step2 time [s]": 0.0008969306945800781,
  "MESSAGE_TYPE.STEP2 size [B]": 7106,
  "step4 time [s]": 0.06685400009155273,
  "MESSAGE_TYPE.STEP4 size [B]": 12447,
  "overall time": 0.15847396850585938
}