{
  "setup time [s]": 0.00854182243347168,
  "MESSAGE_TYPE.START size [B]": 52,
  "step2 time [s]": 0.0012888908386230469,
  "MESSAGE_TYPE.STEP2 size [B]": 7084,
  "step4 time [s]": 0.08582329750061035,
  "MESSAGE_TYPE.STEP4 size [B]": 12405,
  "overall time": 0.26844120025634766
}