{
  "setup time [s]": 0.01729583740234375,
  "MESSAGE_TYPE.START size [B]": 52,
  "step2 time [s]": 0.0013120174407958984,
  "MESSAGE_TYPE.STEP2 size [B]": 7146,
  "step4 time [s]": 0.08226680755615234,
  "MESSAGE_TYPE.STEP4 size [B]": 10699,
  "overall time": 0.2512319087982178
}