{
  "setup time [s]": 0.08269715309143066,
  "MESSAGE_TYPE.START size [B]": 52,
  "step2 time [s]": 0.0011682510375976562,
  "MESSAGE_TYPE.STEP2 size [B]": 7122,
  "step4 time [s]": 0.07184195518493652,
  "MESSAGE_TYPE.STEP4 size [B]": 12487,
  "overall time": 0.2511310577392578
}