{
  "setup time [s]": 0.0036852359771728516,
  "MESSAGE_TYPE.START size [B]": 52,
  "step2 time [s]": 0.008630037307739258,
  "MESSAGE_TYPE.STEP2 size [B]": 189750,
  "step4 time [s]": 2.1043829917907715,
  "MESSAGE_TYPE.STEP4 size [B]": 372767,
  "overall time": 4.760412931442261
}