{
  "setup time [s]": 0.016355276107788086,
  "MESSAGE_TYPE.START size [B]": 52,
  "step2 time [s]": 0.001318216323852539,
  "MESSAGE_TYPE.STEP2 size [B]": 7141,
  "step4 time [s]": 0.075592041015625,
  "MESSAGE_TYPE.STEP4 size [B]": 12459,
  "overall time": 0.1960890293121338
}