{
  "setup time [s]": 0.03917503356933594,
  "MESSAGE_TYPE.START size [B]": 52,
  "step2 time [s]": 0.0021219253540039062,
  "MESSAGE_TYPE.STEP2 size [B]": 7197,
  "step4 time [s]": 0.11835813522338867,
  "MESSAGE_TYPE.STEP4 size [B]": 12521,
  "overall time": 0.5056171417236328
}