{
  "setup time [s]": 0.014023065567016602,
  "MESSAGE_TYPE.START size [B]": 52,
  "step2 time [s]": 0.004560708999633789,
  "MESSAGE_TYPE.STEP2 size [B]": 228328,
  "step4 time [s]": 2.2226061820983887,
  "MESSAGE_TYPE.STEP4 size [B]": 449930,
  "overall time": 5.211104869842529
}