{
  "setup time [s]": 0.004372119903564453,
  "MESSAGE_TYPE.START size [B]": 52,
  "step2 time [s]": 0.002317190170288086,
  "MESSAGE_TYPE.STEP2 size [B]": 58228,
  "step4 time [s]": 0.6332230567932129,
  "MESSAGE_TYPE.STEP4 size [B]": 112908,
  "overall time": 1.7768049240112305
}