{
  "setup time [s]": 0.023523807525634766,
  "MESSAGE_TYPE.START size [B]": 52,
  "step2 time [s]": 0.007947921752929688,
  "MESSAGE_TYPE.STEP2 size [B]": 204657,
  "step4 time [s]": 3.123882293701172,
  "MESSAGE_TYPE.STEP4 size [B]": 402427,
  "overall time": 6.126250982284546
}