{
  "setup time [s]": 0.007483005523681641,
  "MESSAGE_TYPE.START size [B]": 52,
  "step2 time [s]": 0.0023641586303710938,
  "MESSAGE_TYPE.STEP2 size [B]": 7163,
  "step4 time [s]": 0.12389874458312988,
  "MESSAGE_TYPE.STEP4 size [B]": 12528,
  "overall time": 0.531566858291626
}