{
  "setup time [s]": 0.007947921752929688,
  "MESSAGE_TYPE.START size [B]": 52,
  "step2 time [s]": 0.0023221969604492188,
  "MESSAGE_TYPE.STEP2 size [B]": 42684,
  "step4 time [s]": 0.3985450267791748,
  "MESSAGE_TYPE.STEP4 size [B]": 81828,
  "overall time": 0.944957971572876
}