{
  "setup time [s]": 0.005560159683227539,
  "MESSAGE_TYPE.START size [B]": 52,
  "step2 time [s]": 0.0029511451721191406,
  "MESSAGE_TYPE.STEP2 size [B]": 58835,
  "step4 time [s]": 0.5869371891021729,
  "MESSAGE_TYPE.STEP4 size [B]": 110835,
  "overall time": 1.499140977859497
}