{
  "setup time [s]": 0.10808920860290527,
  "MESSAGE_TYPE.START size [B]": 52,
  "step2 time [s]": 0.002492189407348633,
  "MESSAGE_TYPE.STEP2 size [B]": 7102,
  "step4 time [s]": 0.12848281860351562,
  "MESSAGE_TYPE.STEP4 size [B]": 12427,
  "overall time": 0.5592620372772217
}