{
  "setup time [s]": 0.008491039276123047,
  "MESSAGE_TYPE.START size [B]": 52,
  "step2 time [s]": 0.0009758472442626953,
  "MESSAGE_TYPE.STEP2 size [B]": 7177,
  "step4 time [s]": 0.07090473175048828,
  "MESSAGE_TYPE.STEP4 size [B]": 12553,
  "overall time": 0.23661184310913086
}