{
  "setup time [s]": 0.04239988327026367,
  "MESSAGE_TYPE.START size [B]": 52,
  "step2 time [s]": 0.0058820247650146484,
  "MESSAGE_TYPE.STEP2 size [B]": 7026,
  "step4 time [s]": 0.14073395729064941,
  "MESSAGE_TYPE.STEP4 size [B]": 12302,
  "overall time": 0.4318511486053467
}