{
  "setup time [s]": 0.05262494087219238,
  "MESSAGE_TYPE.START size [B]": 52,
  "step2 time [s]": 0.001560211181640625,
  "MESSAGE_TYPE.STEP2 size [B]": 7160,
  "step4 time [s]": 0.12551331520080566,
  "MESSAGE_TYPE.STEP4 size [B]": 12496,
  "overall time": 0.4019899368286133
}