{
  "setup time [s]": 0.03728675842285156,
  "MESSAGE_TYPE.START size [B]": 52,
  "step2 time [s]": 0.004137992858886719,
  "MESSAGE_TYPE.STEP2 size [B]": 231852,
  "step4 time [s]": 1.981510877609253,
  "MESSAGE_TYPE.STEP4 size [B]": 456613,
  "overall time": 4.595305919647217
}