{
  "setup time [s]": 0.026765823364257812,
  "MESSAGE_TYPE.START size [B]": 52,
  "step2 time [s]": 0.0009710788726806641,
  "MESSAGE_TYPE.STEP2 size [B]": 7158,
  "step4 time [s]": 0.059661149978637695,
  "MESSAGE_TYPE.STEP4 size [B]": 12534,
  "overall time": 0.17182493209838867
}