{
  "setup time [s]": 0.035069942474365234,
  "MESSAGE_TYPE.START size [B]": 52,
  "step2 time [s]": 0.0010819435119628906,
  "MESSAGE_TYPE.STEP2 size [B]": 7139,
  "step4 time [s]": 0.06388711929321289,
  "MESSAGE_TYPE.STEP4 size [B]": 12501,
  "overall time": 0.20412492752075195
}