{
  "setup time [s]": 0.023321866989135742,
  "MESSAGE_TYPE.START size [B]": 52,
  "step2 time [s]": 0.0029680728912353516,
  "MESSAGE_TYPE.STEP2 size [B]": 39775,
  "step4 time [s]": 0.4260098934173584,
  "MESSAGE_TYPE.STEP4 size [B]": 76126,
  "overall time": 1.0214471817016602
}