{
  "setup time [s]": 0.004263877868652344,
  "MESSAGE_TYPE.START size [B]": 52,
  "step2 time [s]": 0.002629995346069336,
  "MESSAGE_TYPE.STEP2 size [B]": 48281,
  "step4 time [s]": 0.4653806686401367,
  "MESSAGE_TYPE.STEP4 size [B]": 93118,
  "overall time": 1.1320970058441162
}