{
  "setup time [s]": 0.09231209754943848,
  "MESSAGE_TYPE.START size [B]": 52,
  "step2 time [s]": 0.0040760040283203125,
  "MESSAGE_TYPE.STEP2 size [B]": 231389,
  "step4 time [s]": 2.3131909370422363,
  "MESSAGE_TYPE.STEP4 size [B]": 456028,
  "overall time": 5.208065032958984
}