{
  "setup time [s]": 0.027258872985839844,
  "MESSAGE_TYPE.START size [B]": 52,
  "step2 time [s]": 0.004322052001953125,
  "MESSAGE_TYPE.STEP2 size [B]": 228608,
  "step4 time [s]": 1.9971048831939697,
  "MESSAGE_TYPE.STEP4 size [B]": 450549,
  "overall time": 4.790986061096191
}