{
  "setup time [s]": 0.07877397537231445,
  "MESSAGE_TYPE.START size [B]": 52,
  "step2 time [s]": 0.0010929107666015625,
  "MESSAGE_TYPE.STEP2 size [B]": 8790,
  "step4 time [s]": 0.07459402084350586,
  "MESSAGE_TYPE.STEP4 size [B]": 15817,
  "overall time": 0.2692089080810547
}