{
  "setup time [s]": 0.014801025390625,
  "MESSAGE_TYPE.START size [B]": 52,
  "step2 time [s]": 0.0024900436401367188,
  "MESSAGE_TYPE.STEP2 size [B]": 7027,
  "step4 time [s]": 0.13834595680236816,
  "MESSAGE_TYPE.STEP4 size [B]": 12308,
  "overall time": 0.5793778896331787
}