{
  "setup time [s]": 0.006542682647705078,
  "MESSAGE_TYPE.START size [B]": 52,
  "step2 time [s]": 0.0013229846954345703,
  "MESSAGE_TYPE.STEP2 size [B]": 7124,
  "step4 time [s]": 0.06199288368225098,
  "MESSAGE_TYPE.STEP4 size [B]": 12479,
  "overall time": 0.15694904327392578
}