{
  "setup time [s]": 0.00748896598815918,
  "MESSAGE_TYPE.START size [B]": 52,
  "step2 time [s]": 0.0012018680572509766,
  "MESSAGE_TYPE.STEP2 size [B]": 7091,
  "step4 time [s]": 0.05788373947143555,
  "MESSAGE_TYPE.STEP4 size [B]": 12400,
  "overall time": 0.15113329887390137
}