{
  "setup time [s]": 0.020904064178466797,
  "MESSAGE_TYPE.START size [B]": 52,
  "step2 time [s]": 0.006150960922241211,
  "MESSAGE_TYPE.STEP2 size [B]": 7045,
  "step4 time [s]": 0.1363992691040039,
  "MESSAGE_TYPE.STEP4 size [B]": 12340,
  "overall time": 0.3281211853027344
}