{
  "setup time [s]": 0.028857707977294922,
  "MESSAGE_TYPE.START size [B]": 52,
  "step2 time [s]": 0.002875804901123047,
  "MESSAGE_TYPE.STEP2 size [B]": 54950,
  "step4 time [s]": 0.5270540714263916,
  "MESSAGE_TYPE.STEP4 size [B]": 102941,
  "overall time": 1.4072070121765137
}