{
  "setup time [s]": 0.0152130126953125,
  "MESSAGE_TYPE.START size [B]": 52,
  "step2 time [s]": 0.0027310848236083984,
  "MESSAGE_TYPE.STEP2 size [B]": 72860,
  "step4 time [s]": 0.6570260524749756,
  "MESSAGE_TYPE.STEP4 size [B]": 138839,
  "overall time": 1.536909818649292
}