{
  "setup time [s]": 0.014830827713012695,
  "MESSAGE_TYPE.START size [B]": 52,
  "step2 time [s]": 0.0045239925384521484,
  "MESSAGE_TYPE.STEP2 size [B]": 50148,
  "step4 time [s]": 1.0311548709869385,
  "MESSAGE_TYPE.STEP4 size [B]": 93282,
  "overall time": 2.75923490524292
}