{
  "setup time [s]": 0.016327857971191406,
  "MESSAGE_TYPE.START size [B]": 52,
  "step2 time [s]": 0.0028781890869140625,
  "MESSAGE_TYPE.STEP2 size [B]": 7032,
  "step4 time [s]": 0.12159299850463867,
  "MESSAGE_TYPE.STEP4 size [B]": 12315,
  "overall time": 0.465778112411499
}