{
  "setup time [s]": 0.016004085540771484,
  "MESSAGE_TYPE.START size [B]": 52,
  "step2 time [s]": 0.0042078495025634766,
  "MESSAGE_TYPE.STEP2 size [B]": 229772,
  "step4 time [s]": 2.0820810794830322,
  "MESSAGE_TYPE.STEP4 size [B]": 452777,
  "overall time": 4.795560836791992
}