{
  "setup time [s]": 0.026383161544799805,
  "MESSAGE_TYPE.START size [B]": 52,
  "step2 time [s]": 0.001773834228515625,
  "MESSAGE_TYPE.STEP2 size [B]": 7077,
  "step4 time [s]": 0.12184906005859375,
  "MESSAGE_TYPE.STEP4 size [B]": 12367,
  "overall time": 0.4803299903869629
}