{
  "setup time [s]": 0.010671854019165039,
  "MESSAGE_TYPE.START size [B]": 52,
  "step2 time [s]": 0.0015227794647216797,
  "MESSAGE_TYPE.STEP2 size [B]": 7149,
  "step4 time [s]": 0.14248013496398926,
  "MESSAGE_TYPE.STEP4 size [B]": 12511,
  "overall time": 0.46242713928222656
}