{
  "setup time [s]": 0.0038290023803710938,
  "MESSAGE_TYPE.START size [B]": 52,
  "step2 time [s]": 0.003009796142578125,
  "MESSAGE_TYPE.STEP2 size [B]": 45548,
  "step4 time [s]": 0.5390901565551758,
  "MESSAGE_TYPE.STEP4 size [B]": 87635,
  "overall time": 1.1633548736572266
}