{
  "setup time [s]": 0.012125015258789062,
  "MESSAGE_TYPE.START size [B]": 52,
  "step2 time [s]": 0.0020868778228759766,
  "MESSAGE_TYPE.STEP2 size [B]": 43566,
  "step4 time [s]": 0.45287179946899414,
  "MESSAGE_TYPE.STEP4 size [B]": 83676,
  "overall time": 0.9911901950836182
}