{
  "setup time [s]": 0.028471946716308594,
  "MESSAGE_TYPE.START size [B]": 52,
  "step2 time [s]": 0.004283905029296875,
  "MESSAGE_TYPE.STEP2 size [B]": 228846,
  "step4 time [s]": 2.167386054992676,
  "MESSAGE_TYPE.STEP4 size [B]": 450956,
  "overall time": 5.07529616355896
}