{
  "setup time [s]": 0.014601945877075195,
  "MESSAGE_TYPE.START size [B]": 52,
  "step2 time [s]": 0.002476215362548828,
  "MESSAGE_TYPE.STEP2 size [B]": 7025,
  "step4 time [s]": 0.1444859504699707,
  "MESSAGE_TYPE.STEP4 size [B]": 12302,
  "overall time": 0.5143258571624756
}