{
  "setup time [s]": 0.04076886177062988,
  "MESSAGE_TYPE.START size [B]": 52,
  "step2 time [s]": 0.21796202659606934,
  "MESSAGE_TYPE.STEP2 size [B]": 22440473,
  "overall time": 736.4109308719635
}