{
  "setup time [s]": 0.012436866760253906,
  "MESSAGE_TYPE.START size [B]": 52,
  "step2 time [s]": 0.001397848129272461,
  "MESSAGE_TYPE.STEP2 size [B]": 20617,
  "step4 time [s]": 0.16493797302246094,
  "MESSAGE_TYPE.STEP4 size [B]": 37770,
  "overall time": 0.4315352439880371
}