{
  "setup time [s]": 0.051934003829956055,
  "MESSAGE_TYPE.START size [B]": 52,
  "step2 time [s]": 0.0014567375183105469,
  "MESSAGE_TYPE.STEP2 size [B]": 7085,
  "step4 time [s]": 0.12924504280090332,
  "MESSAGE_TYPE.STEP4 size [B]": 12378,
  "overall time": 0.40498805046081543
}