{
  "setup time [s]": 0.007436037063598633,
  "MESSAGE_TYPE.START size [B]": 52,
  "step2 time [s]": 0.0014760494232177734,
  "MESSAGE_TYPE.STEP2 size [B]": 20762,
  "step4 time [s]": 0.17295217514038086,
  "MESSAGE_TYPE.STEP4 size [B]": 38058,
  "overall time": 0.42939186096191406
}