{
  "setup time [s]": 0.005233049392700195,
  "MESSAGE_TYPE.START size [B]": 52,
  "step2 time [s]": 0.0031538009643554688,
  "MESSAGE_TYPE.STEP2 size [B]": 40517,
  "step4 time [s]": 0.34899306297302246,
  "MESSAGE_TYPE.STEP4 size [B]": 74288,
  "overall time": 0.8622298240661621
}