{
  "setup time [s]": 0.0076029300689697266,
  "MESSAGE_TYPE.START size [B]": 52,
  "step2 time [s]": 0.001127004623413086,
  "MESSAGE_TYPE.STEP2 size [B]": 8581,
  "step4 time [s]": 0.0724952220916748,
  "MESSAGE_TYPE.STEP4 size [B]": 15715,
  "overall time": 0.2095479965209961
}